Date,Cases Rate - Total,Deaths Rate - Total,Cases Rate - Age 0-17,Cases Rate - Age 18-29,Cases Rate - Age 30-39,Cases Rate - Age 40-49,Cases Rate - Age 50-59,Cases Rate - Age 60-69,Cases Rate - Age 70-79,Cases Rate -  Age 80+,Cases Rate - Female,Cases Rate - Male,Cases Rate - Latinx,Cases Rate - Asian Non-Latinx,Cases Rate - Black Non-Latinx,Cases Rate - White Non-Latinx,Cases Rate - Other Race Non-Latinx,Deaths Rate - Age 0-17,Deaths Rate - Age 18-29,Deaths Rate - Age 30-39,Deaths Rate - Age 40-49,Deaths Rate - Age 50-59,Deaths Rate - Age 60-69,Deaths Rate - Age 70-79,Deaths Rate - Age 80+,Deaths Rate - Female,Deaths Rate - Male,Deaths Rate - Latinx,Deaths Rate - Asian Non-Latinx,Deaths Rate - Black Non-Latinx,Deaths Rate - White Non-Latinx,Deaths Rate - Other Race Non-Latinx,Cases - Total,Deaths - Total,Cases - Age 0-17,Cases - Age 18-29,Cases - Age 30-39,Cases - Age 40-49,Cases - Age 50-59,Cases - Age 60-69,Cases - Age 70-79,Cases -  Age 80+,Cases - Female,Cases - Male,Cases - Latinx,Cases - Asian Non-Latinx,Cases - Black Non-Latinx,Cases - White Non-Latinx,Cases - Other Race Non-Latinx,Deaths - Age 0-17,Deaths - Age 18-29,Deaths - Age 30-39,Deaths - Age 40-49,Deaths - Age 50-59,Deaths - Age 60-69,Deaths - Age 70-79,Deaths - Age 80+,Deaths - Female,Deaths - Male,Deaths - Latinx,Deaths - Asian Non-Latinx,Deaths - Black Non-Latinx,Deaths - White Non-Latinx,Deaths - Other Race Non-Latinx
09/28/2020,12,0.1,7.2,16.4,14.6,15.2,12.1,8.7,6.2,7.3,11.6,12,16.5,2.8,4.6,6.3,10.3,0,0,0,0.1,0.2,0.2,0.3,1.1,0.1,0.1,0.2,0,0.2,0,0,323.9,2.9,39.3,90.6,66.6,51.3,37.7,23,9.6,5.9,161.1,158.3,128.1,5,36.1,56.3,12.3,0,0,0.1,0.4,0.6,0.4,0.4,0.9,1.1,1.7,1.3,0,1.3,0.3,0
03/21/2020,4.4,0,0.3,3.6,5.5,7.3,6.5,6,6.1,4.3,3.9,5,1.9,3.4,6.5,4.4,2.3,0,0,0,0,0,0.1,0.1,0.5,0,0,0,0,0.1,0,0,120,1,1.4,19.7,25.1,24.7,20.4,15.7,9.4,3.4,53.9,65.7,15,6.1,51,39.3,2.7,0,0,0,0,0.1,0.3,0.1,0.4,0.4,0.6,0,0,0.9,0.1,0
03/22/2020,5.1,0,0.4,4.1,6.1,8.3,7.9,7,7,4.8,4.5,5.7,2.2,3.6,7.8,4.9,3,0,0,0,0,0.1,0.1,0.1,0.5,0,0.1,0,0,0.1,0,0.1,138.4,1.3,2.3,22.6,28,27.9,24.6,18.4,10.9,3.9,62.7,75.3,17.3,6.4,61,44.1,3.6,0,0,0,0.1,0.3,0.3,0.1,0.4,0.4,0.9,0,0,1,0.1,0.1
03/23/2020,6.2,0.1,0.5,4.9,7.2,9.8,9.9,8.3,9.8,6.6,5.6,6.9,2.8,4.1,9.8,5.6,4.3,0,0,0,0,0.1,0.1,0.2,0.5,0,0.1,0,0,0.2,0,0.1,168.9,1.6,2.7,27.1,33,32.9,30.9,21.7,15.3,5.3,77.6,90.9,21.6,7.4,76.6,50.4,5.1,0.1,0.1,0,0.1,0.3,0.1,0.3,0.4,0.3,1.3,0,0,1.3,0.1,0.1
03/24/2020,7.6,0.1,0.5,6,8.7,11.5,11.6,10.5,12.8,8.4,6.8,8.3,3.8,4.9,11.9,6.3,5,0,0,0,0,0,0.2,0.2,0.5,0,0.1,0,0,0.2,0,0.1,205.1,1.7,2.9,33.4,39.6,38.6,36.4,27.7,19.9,6.7,94.9,109.9,29.6,8.9,93.4,56.7,6,0.1,0.1,0,0.1,0.1,0.4,0.3,0.4,0.3,1.4,0.1,0,1.3,0.1,0.1
03/25/2020,8.7,0.1,0.5,6.6,9.9,12.8,14.3,11.4,15.1,11.1,7.8,9.6,4.4,5.1,14.1,6.7,6.8,0,0,0,0,0.1,0.2,0.2,0.7,0,0.1,0,0,0.2,0,0.1,234.4,2.3,2.9,36.3,45.1,43.1,44.9,29.9,23.4,8.9,107.6,126.3,33.9,9.1,110.6,60.1,8.1,0.1,0.1,0.1,0.1,0.3,0.6,0.3,0.6,0.6,1.7,0.3,0,1.6,0.3,0.1
04/19/2020,23.4,1.3,2.3,18,23.3,33.2,38.3,33.8,32.7,54.3,22.3,24.2,28.2,11.5,24.1,9.1,27.3,0,0.1,0.2,0.8,1.2,2.6,5.4,15.2,1,1.6,1.3,1.6,2.1,0.6,0.2,633.4,34.9,12.9,99.7,106.3,111.6,119.9,88.9,50.9,43.4,309,319.6,219.1,20.7,189.3,81.9,32.6,0,0.3,0.7,2.7,3.9,6.7,8.4,12.1,13.3,21.6,9.9,2.9,16.1,5.7,0.3
04/20/2020,25,1.3,2.7,19.6,25.4,36.7,39.8,35.6,33,54.8,23.6,26,31.3,11.6,24.8,9.4,28.8,0,0.1,0.2,0.6,1.3,2.4,5.7,16.8,1,1.7,1.3,1.6,2,0.8,0.4,676,35.9,14.9,108.1,115.9,123.6,124.7,93.6,51.3,43.9,327,343.1,242.7,20.9,194.7,85,34.4,0,0.3,0.7,2.1,4,6.4,8.9,13.4,13.3,22.6,9.9,2.9,15.9,6.9,0.4
04/21/2020,26.1,1.3,2.8,20.8,26.7,38.3,41.1,37.3,33.5,57.2,24.4,27.3,33.6,10.7,25,9.8,28.9,0,0.1,0.1,0.7,1.1,2.6,5.9,17.1,1,1.7,1.3,1.6,2.1,0.7,0.4,705.7,36.3,15.4,114.9,122,129,128.6,98,52,45.7,338.9,360,260.9,19.3,196.4,88.3,34.6,0,0.3,0.4,2.4,3.6,6.7,9.1,13.7,13.7,22.6,10.4,2.9,16.6,6,0.4
05/06/2020,36,1.7,8.2,33.8,38.8,56.7,52.7,40.8,35.9,57,34.7,35.5,56.8,9.4,20.1,10.1,32.3,0,0.1,0.2,0.3,1.3,4.2,7.7,20.4,1.4,2,1.9,1.4,2.3,1.1,0.1,973,46,45.1,186.7,176.9,190.7,164.9,107.4,55.7,45.6,481,468.7,441.3,16.9,158,90.6,38.6,0,0.4,0.9,1.1,4.1,11.1,12,16.3,19.3,26.7,14.7,2.4,18.1,10.3,0.1
05/07/2020,34.2,1.7,8.2,32.4,37.8,54.3,50.9,39,30.7,44.3,33.2,33.5,54.9,8.4,18.5,9.2,32.4,0,0.1,0.2,0.4,1.5,4.6,7.6,20.2,1.4,2.1,1.9,1.5,2.3,1.2,0.2,924.9,47.3,45.3,179.3,172.7,182.7,159.1,102.6,47.7,35.4,460.7,442.7,426.3,15.1,145.4,82.4,38.7,0,0.4,0.7,1.4,4.7,12,11.9,16.1,19.7,27.6,15.1,2.7,18.3,10.4,0.3
03/14/2020,0.6,0,0.1,0.6,0.8,0.8,0.8,0.7,0.7,0.5,0.5,0.7,0.2,0.5,0.4,1,0.2,0,0,0,0,0,0,0,0,0,0,0,0,0,0,0,16.4,0,0.6,3.4,3.6,2.9,2.6,1.9,1.1,0.4,6.6,9.6,1.9,0.9,3.3,9.3,0.3,0,0,0,0,0,0,0,0,0,0,0,0,0,0,0
05/23/2020,25.3,1.2,10.1,28.6,26.3,34.5,33.8,25.8,22.7,32.3,25.4,24.5,40.2,5.9,15.4,6,22.5,0,0.1,0.2,0.4,1.3,3.3,5.2,11.6,0.9,1.5,1.7,0.9,1.3,0.8,0.1,684.7,32.7,55.7,158,120.1,116,105.9,67.9,35.3,25.9,352.4,324,312,10.6,120.9,53.9,26.9,0,0.4,1,1.3,4,8.6,8.1,9.3,12.9,19.9,12.9,1.6,10.6,7.4,0.1
05/24/2020,25.1,1.1,10.1,28.6,25.9,34.9,32.4,26,22.7,29.8,25.4,24.1,39.8,5.6,15,5.8,22.4,0,0.1,0.2,0.5,1.2,2.8,5.2,10.5,0.9,1.4,1.5,0.7,1.3,0.8,0,678.1,30.7,55.6,158.3,118,117.6,101.3,68.3,35.3,23.9,351.7,318.6,309,10,117.7,52,26.7,0,0.4,0.9,1.7,3.9,7.4,8,8.4,12.6,18.1,11.6,1.3,10.4,7.3,0
06/07/2020,9,0.7,3.6,9.7,9.7,11.8,11,9,8.9,16.4,9,8.6,13.3,2.5,6,2.6,9,0,0.1,0.2,0.2,0.4,1.6,3.5,8.9,0.7,0.8,1.1,0.4,1,0.3,0,242.9,19.9,20,53.7,44.3,39.6,34.6,23.7,13.9,13.1,125.1,113.7,103.4,4.6,46.9,23,10.7,0,0.3,0.7,0.7,1.3,4.3,5.4,7.1,9.1,10.7,8.4,0.7,7.9,2.7,0
06/08/2020,9.2,0.7,3.6,10,10.1,12.4,11.3,9.4,8.7,14.1,9,9,14.2,2.1,5.9,2.4,8.6,0,0.1,0.2,0.2,0.4,1.5,3.4,8.2,0.6,0.8,1.1,0.4,0.9,0.3,0.1,248.1,19,20,55.4,46.1,41.7,35.3,24.7,13.6,11.3,125.1,118.3,110.4,3.9,46,21.9,10.3,0,0.3,0.9,0.7,1.3,4,5.3,6.6,8.3,10.7,8.3,0.7,7.1,2.7,0.1
06/09/2020,9.2,0.7,3.8,10.4,9.8,12.4,11.9,9.6,8.4,11.3,9,9.3,14.7,1.6,5.6,2.7,8.8,0,0.1,0.2,0.3,0.5,1.6,3.4,6.8,0.5,0.8,1,0.2,1,0.3,0.1,249.4,18.7,20.7,57.7,44.7,41.9,37.1,25.3,13,9,125,122.3,114.3,2.9,44.1,24.6,10.6,0,0.3,0.7,1,1.7,4.3,5.3,5.4,7.6,11.1,7.7,0.4,7.9,2.6,0.1
06/10/2020,9,0.6,3.4,10.3,9.8,12.1,11.5,9.3,8.4,10.4,8.8,9,14.5,1.6,5.2,2.8,7.4,0,0,0.2,0.4,0.6,1.6,2.9,5.4,0.5,0.8,0.9,0.3,1,0.2,0.1,242.7,17.3,18.7,57.1,44.6,40.6,36,24.4,13,8.3,121.6,118.6,112.7,2.9,41.1,25.1,8.9,0,0,0.9,1.3,2,4.3,4.6,4.3,6.7,10.6,7,0.6,7.6,2,0.1
06/11/2020,8.4,0.6,3.2,9.6,8.6,11,11.1,8.9,8.3,9.6,8.2,8.3,13.7,1.5,4.6,2.8,7.2,0,0,0.1,0.4,0.7,1.4,2.8,5.7,0.5,0.8,0.8,0.3,0.9,0.3,0.1,226,16.6,17.6,53.1,39.4,37,34.9,23.4,12.9,7.7,114,109.1,106.1,2.7,36.3,25.4,8.6,0,0,0.6,1.3,2.1,3.7,4.3,4.6,6.4,10.1,6.6,0.6,7,2.3,0.1
06/12/2020,7.9,0.6,3.2,9.2,7.8,10.8,10.1,8.5,7.4,9.8,7.9,7.6,12.7,1.4,4.5,2.7,6.5,0,0,0.2,0.4,0.7,1.7,2.6,5.5,0.5,0.8,1,0.3,0.9,0.2,0.1,213.1,17.1,17.4,50.9,35.4,36.3,31.6,22.3,11.4,7.9,109.6,100.3,99,2.6,35,24.6,7.7,0,0,0.7,1.3,2.1,4.6,4,4.4,6.3,10.9,7.4,0.6,7,2,0.1
06/13/2020,7.6,0.6,3,9,7.7,9.9,9.8,8.1,7.2,10.2,7.7,7.3,12.1,1.4,4.4,2.7,6.5,0,0,0.1,0.3,0.8,1.6,2.4,5.7,0.5,0.8,0.9,0.3,0.8,0.3,0.1,206.1,16.9,16.7,49.9,35,33.1,30.7,21.4,11.1,8.1,106.4,96.4,94,2.4,34.6,23.9,7.7,0,0,0.6,1.1,2.6,4.3,3.7,4.6,6.9,10,6.7,0.6,6.6,2.9,0.1
06/14/2020,7.5,0.6,3.1,8.8,7.3,10,9.9,8,6.7,10.2,7.6,7.2,11.8,1.2,4.4,2.6,6.6,0,0,0.1,0.3,0.8,1.4,2.5,5.4,0.5,0.7,0.8,0.3,0.7,0.3,0.1,203.6,15.7,17.1,48.9,33.4,33.6,30.9,21.1,10.4,8.1,105.3,95,92,2.1,34.9,23.3,7.9,0,0,0.4,1,2.6,3.6,3.9,4.3,6.7,9,6,0.6,5.9,3.1,0.1
06/15/2020,7.3,0.6,3.5,8.7,7.1,9.3,9.4,8.1,6.2,8.2,7.5,6.9,11.2,1.4,4.6,2.5,6.6,0,0,0.1,0.3,0.8,1.4,2.7,6.3,0.5,0.7,0.8,0.4,0.7,0.4,0,198.1,16.4,19.3,48,32.6,31.4,29.4,21.3,9.6,6.6,104.6,90.9,87,2.4,35.7,22.1,7.9,0,0,0.3,1,2.4,3.6,4.1,5,7.1,9.3,6,0.7,5.7,3.9,0
06/16/2020,7.1,0.5,3.5,9,7.2,8.7,8.8,7.2,5.2,8,7.6,6.4,10.6,1.5,4.8,2.2,5.6,0,0,0.1,0.3,0.6,1.1,2.5,5.5,0.5,0.6,0.7,0.4,0.6,0.4,0,192,14.7,19.1,49.6,33,29.4,27.6,18.9,8,6.4,105,84.6,82,2.7,37.9,20,6.7,0,0.1,0.3,1,2,3,3.9,4.4,6.9,7.9,5.7,0.7,4.4,3.7,0
06/25/2020,7,0.4,3.3,10.2,8.3,8.2,7.3,4.9,6.7,6.1,7.2,6.8,9.8,1.7,4.9,3.3,4.8,0,0,0.1,0.2,0.5,1.1,1.1,3.9,0.4,0.4,0.7,0.2,0.3,0.2,0,190.7,10.4,18.3,56.3,37.9,27.4,22.7,12.9,10.4,4.9,99.9,89.7,76.3,3.1,38.1,29.7,5.7,0,0.1,0.4,0.6,1.6,2.9,1.7,3.1,5,5.4,5.4,0.3,2.7,2,0
07/07/2020,7.8,0.2,3.3,11.9,9.2,9.3,7.8,6.4,4.4,6.1,8.5,6.9,8,2.5,6.6,4.5,5.9,0,0,0,0.2,0.2,0.7,0.5,2.5,0.2,0.2,0.3,0,0.3,0.1,0.1,209.7,5.9,18.1,65.6,42,31.1,24.4,16.7,6.9,4.9,117.4,90.4,61.9,4.6,51.9,40.3,7,0,0,0,0.6,0.7,1.9,0.7,2,2.7,3.1,2.7,0,2,1,0.1
07/17/2020,9.5,0.1,5,14.3,11.1,10.9,9,7.1,6.6,6.8,10.1,8.8,11.7,2.4,8.5,5.2,8.5,0,0.1,0,0,0.2,0.3,0.4,1.4,0.1,0.2,0.1,0.1,0.2,0.1,0,256.7,3.4,27.3,79.3,50.9,36.7,28.1,18.7,10.3,5.4,139.7,115.9,91.1,4.3,66.6,46.7,10.1,0,0.3,0,0,0.7,0.7,0.6,1.1,1.4,2,0.9,0.1,1.6,0.7,0
07/28/2020,10.5,0.1,6.1,14.8,13.4,12.7,9.5,6.8,6.7,7.3,11.1,9.6,14.1,5.3,7.9,6.2,7.9,0,0,0,0.1,0.2,0.3,0.6,1.4,0.1,0.2,0.2,0,0.2,0.1,0,283.1,3.9,33.6,81.9,61,42.9,29.7,17.9,10.4,5.9,154.3,126.6,109.4,9.6,62.3,55.4,9.4,0,0,0.1,0.3,0.6,0.7,1,1.1,1.6,2.3,1.3,0,1.4,1.1,0
08/06/2020,11.3,0.1,6.5,16.3,14,13.6,10,8.9,7,6.3,11.3,11.1,17.5,2.9,7.9,6.4,9.6,0,0,0,0.1,0.1,0.3,0.6,1.1,0.1,0.1,0.2,0.1,0.2,0.1,0,305.7,3.3,35.6,90.1,63.9,45.7,31.3,23.3,10.9,5,157,147,136.1,5.1,61.9,57.6,11.4,0,0,0,0.4,0.3,0.9,0.9,0.9,1.4,1.9,1.3,0.1,1.3,0.6,0
03/15/2020,0.8,0,0.1,0.7,1,1.2,1.2,1,1,1.1,0.6,1,0.3,0.8,0.6,1.3,0.2,0,0,0,0,0,0,0,0,0,0,0,0,0,0,0,21.7,0,0.6,3.9,4.6,4,3.7,2.6,1.6,0.9,8.3,13.1,2.6,1.4,5,11.3,0.3,0,0,0,0,0,0,0,0,0,0,0,0,0,0,0
03/16/2020,1.2,0,0.1,1.1,1.7,2,1.7,1.4,1.3,1.1,0.9,1.4,0.4,1.2,1.1,1.7,0.2,0,0,0,0,0,0.1,0,0,0,0,0,0,0,0,0,32.1,0.1,0.3,5.9,7.6,6.6,5.4,3.6,2,0.9,13.1,18.7,3.4,2.1,8.4,15.4,0.3,0,0,0,0,0,0.1,0,0,0.1,0,0,0,0.1,0,0
03/17/2020,1.6,0,0,1.4,2.2,2.6,2.5,2.4,1.3,1.6,1.2,2,0.6,1.4,1.7,2.2,0.4,0,0,0,0,0,0.1,0,0,0,0,0,0,0,0,0,44.3,0.3,0.1,7.7,10.1,8.9,7.9,6.3,2,1.3,17.3,26.6,4.4,2.4,13.7,20.1,0.4,0,0,0,0,0.1,0.1,0,0,0.1,0.1,0,0,0.3,0,0
03/18/2020,2.4,0,0.1,2.1,3.2,4.2,3.4,3.3,2.3,2.5,2,2.8,0.9,2,2.8,3.1,0.7,0,0,0,0,0,0.1,0,0.2,0,0,0,0,0.1,0,0,65.7,0.4,0.4,11.7,14.6,14.1,10.7,8.6,3.6,2,28.3,37,6.9,3.6,22.1,28.3,0.9,0,0,0,0,0.1,0.1,0,0.1,0.3,0.1,0,0,0.4,0,0
08/07/2020,11.4,0.1,6.9,16.1,14,13.2,10.3,9.1,7.4,6.8,11.2,11.5,17.4,3.2,7.7,6.6,10.3,0,0,0,0.1,0,0.4,0.6,1.1,0.1,0.1,0.2,0.1,0.2,0.1,0,308.9,3.3,38.1,89.3,64,44.4,32.1,23.9,11.6,5.4,155.7,151.7,135.3,5.7,60.7,59.4,12.3,0,0,0,0.4,0.1,1,0.9,0.9,1.4,1.9,1.3,0.1,1.3,0.6,0
08/16/2020,12,0.1,6.8,16.4,14.1,15.9,12.8,9.3,6.7,5.7,11.8,12.1,17.3,3,7.7,8,11,0,0,0,0,0.1,0.1,0.8,1.3,0.1,0.1,0.1,0.1,0.2,0.1,0,325.4,3.3,37.3,90.6,64.3,53.6,40.1,24.4,10.4,4.6,163.4,159.3,134,5.4,60.1,71.7,13.1,0,0,0.1,0.1,0.4,0.3,1.3,1,1.4,1.9,0.9,0.1,1.4,0.9,0
08/17/2020,12.7,0.1,7.5,17.4,14.6,16.3,13.5,9.6,7.2,6.6,12.3,12.8,18.7,3.2,8,8.3,11.2,0,0,0,0,0.2,0.1,0.8,1.3,0.1,0.2,0.1,0.1,0.2,0.1,0,342.7,3.4,41.3,96.3,66.4,54.7,42.1,25.3,11.1,5.3,170.9,168.4,145.6,5.7,62.7,74.6,13.4,0,0,0.1,0.1,0.6,0.3,1.3,1,1.4,2,0.7,0.1,1.7,0.9,0
08/23/2020,13.1,0.1,7.9,19.4,13.9,14.4,15.2,9.7,8.8,5.7,13.3,12.6,21,3.7,7.1,7.7,11.4,0,0,0,0.1,0.1,0.3,0.3,0.7,0.1,0.1,0.2,0,0.1,0.1,0,353.9,2.7,43.6,107.3,63.4,48.3,47.4,25.6,13.7,4.6,184.9,166.4,163.3,6.6,55.9,69.4,13.6,0,0.1,0,0.4,0.3,0.9,0.4,0.6,1.4,1.3,1.3,0,0.7,0.7,0
08/24/2020,13.2,0.1,8.4,18.8,14.6,15.2,15.2,9.7,8.3,5,13.7,12.5,21.5,3.5,6.8,7.8,11.6,0,0,0,0.1,0,0.3,0.4,0.7,0.1,0.1,0.2,0,0.1,0.1,0,357.9,2.7,46.1,104.1,66.4,51.1,47.6,25.6,12.9,4,189.9,165.3,166.9,6.3,53.3,69.9,13.9,0,0.1,0,0.4,0.1,0.9,0.6,0.6,1.3,1.4,1.4,0,0.6,0.7,0
08/25/2020,13.2,0.1,8.4,18.6,14.5,15.6,15.4,9.9,7.4,5.9,13.8,12.4,21.3,3.6,6.8,7.8,12.4,0,0,0,0.1,0,0.3,0.4,1.3,0.1,0.1,0.2,0.1,0.1,0.1,0,358.1,3.1,46,102.9,66.3,52.4,48.1,26.1,11.4,4.7,191.3,163.9,165.6,6.4,53.3,69.9,14.9,0,0.1,0,0.4,0.1,0.9,0.6,1,1.4,1.7,1.4,0.1,0.7,0.9,0
08/26/2020,12.8,0.1,8.2,18.1,14.4,14.9,14.2,9.1,7.3,6.3,13.2,12.1,21,3.7,6.2,7.7,11.8,0,0,0,0.1,0,0.2,0.4,1.3,0.1,0.1,0.1,0.1,0.1,0.1,0,346,2.7,45,100.1,65.9,50.3,44.4,23.9,11.3,5,183.3,159.6,163.3,6.6,48.4,69,14.1,0,0.1,0,0.3,0.1,0.6,0.6,1,1,1.7,1.1,0.1,0.7,0.7,0
09/01/2020,11.6,0.1,7.2,17.3,12.7,12.9,11.8,9,6.9,7.7,11.7,11.4,17.7,2.5,5.9,7.5,9.9,0,0,0,0,0.1,0.3,0.7,0.7,0.1,0.1,0.1,0.2,0.1,0.1,0,313.9,3,39.6,95.4,57.9,43.4,37,23.7,10.7,6.1,162.1,150.7,137.4,4.6,46.1,67.7,11.9,0,0,0.1,0,0.4,0.7,1.1,0.6,1.6,1.4,0.9,0.3,1.1,0.7,0
09/02/2020,11.7,0.1,7,17.2,12.6,13.9,11.9,9.1,6.9,7.1,12,11.3,17.2,2.7,6.2,7.5,9.4,0,0,0,0,0.2,0.3,0.6,0.7,0.1,0.1,0.1,0.2,0.1,0.1,0,316,3.1,38.6,95.3,57.7,46.9,37.1,24,10.7,5.7,166,149.3,133.3,4.9,48.3,67.9,11.3,0,0,0.1,0,0.6,0.9,1,0.6,1.7,1.4,1,0.3,1.1,0.7,0
09/03/2020,11.5,0.1,7,16.6,12.1,13.5,12.6,9,7.2,6.4,11.7,11.1,16.4,2.7,6.1,7.6,7.9,0,0,0,0,0.2,0.2,0.6,1.1,0.1,0.1,0.2,0.2,0.1,0.1,0,310.3,3.3,38.3,91.6,55.4,45.4,39.6,23.7,11.1,5.1,162.6,147.1,127.7,4.9,48.1,68.6,9.4,0,0,0.1,0,0.7,0.6,1,0.9,1.9,1.4,1.4,0.3,1,0.6,0
09/04/2020,11.5,0.1,6.8,16.4,12.7,13.5,12.1,9.1,7.3,7.3,12,10.9,16.7,2.9,6.2,7.7,7.2,0,0,0,0,0.2,0.2,0.6,1.3,0.1,0.1,0.1,0.2,0.1,0.1,0,310.6,3,37.4,90.4,58.1,45.4,38,24,11.3,5.9,165.7,144.1,130,5.3,48.4,69.1,8.6,0,0,0,0,0.6,0.6,0.9,1,1.4,1.6,1.1,0.3,0.9,0.7,0
09/05/2020,11.3,0.1,6.8,16,12.8,13.2,12,9,6.7,7.5,11.7,11,16.4,2.6,6.1,7.4,7.1,0,0,0,0,0.2,0.2,0.6,1.3,0.1,0.1,0.2,0.1,0.1,0,0,306.9,3,37.4,88.7,58.6,44.6,37.6,23.6,10.4,6,161.6,144.6,127.6,4.7,48.1,66.4,8.4,0,0,0.1,0,0.6,0.4,0.9,1,1.3,1.7,1.3,0.1,1.1,0.4,0
09/06/2020,11.5,0.1,6.9,16.5,13.2,13.2,12.1,9.1,6.6,7.3,11.9,11.1,16.9,2.5,6.2,7.4,6.9,0,0,0.1,0,0.2,0.2,0.4,1.1,0.1,0.1,0.2,0.1,0.1,0,0,312.3,2.7,38.1,91.3,60.3,44.6,38,23.9,10.3,5.9,164.6,147,131.4,4.6,48.9,66.7,8.3,0,0,0.3,0,0.6,0.4,0.6,0.9,0.9,1.9,1.4,0.1,0.7,0.4,0
09/07/2020,9.8,0.1,5.5,13.9,11.6,11,10.3,8.1,5.6,6.3,10.1,9.4,14,2.2,5.6,6.4,5.6,0,0,0.1,0,0.1,0.2,0.5,0.9,0.1,0.1,0.2,0,0.1,0,0,264.4,2.6,30.4,76.9,53,36.9,32.3,21.3,8.7,5,139.4,124.4,108.6,4,43.7,57.9,6.7,0,0,0.3,0,0.4,0.4,0.7,0.7,0.9,1.7,1.4,0,0.7,0.4,0
09/09/2020,10,0.1,5.6,14.7,11.8,11.2,10.1,8.3,5.6,5.9,10,9.9,15.5,2.7,5.3,6.3,5,0,0,0.1,0,0.1,0.1,0.6,0.9,0.1,0.1,0.2,0,0.1,0,0,270.1,2.6,30.9,81.3,53.7,37.6,31.6,21.7,8.7,4.7,139.3,130.3,120.1,4.9,41.3,56.6,6,0,0,0.3,0,0.4,0.3,0.9,0.7,1,1.6,1.7,0,0.6,0.3,0
09/13/2020,9.3,0.1,4.7,14.2,12,10.2,9.1,7.3,4.7,3.6,9.5,9.1,13.5,2.9,4.2,6.4,5.6,0,0,0,0,0.1,0.2,0.5,0.9,0.1,0.1,0.2,0,0.1,0,0,251.3,2.4,25.9,78.7,54.6,34.3,28.6,19.1,7.3,2.9,131,119.6,104.6,5.3,32.9,57.9,6.7,0,0,0.1,0,0.4,0.4,0.7,0.7,1,1.4,1.6,0,0.6,0.3,0
09/14/2020,11.2,0.1,6.2,16.5,14.3,12.7,11.3,8.1,5.2,4.5,11.3,10.9,16.5,3.7,4.9,7.6,6.1,0,0,0,0,0.2,0.2,0.5,1.1,0.1,0.1,0.3,0,0.1,0,0,301.9,2.7,34.3,91,65.3,42.9,35.3,21.4,8.1,3.6,157.1,143.7,128.4,6.6,38.3,68.3,7.3,0,0,0.1,0,0.6,0.4,0.7,0.9,1.1,1.6,2,0,0.4,0.3,0
09/15/2020,11.1,0.1,6.7,15.9,14,12.4,11.4,8.3,5.7,4.1,11.4,10.6,16.3,3.4,5,7.7,6.5,0,0,0,0,0.2,0.2,0.5,1.1,0.1,0.1,0.3,0,0.1,0,0,299.7,2.7,36.9,87.9,63.9,41.6,35.6,21.9,8.9,3.3,158.4,140.1,126.4,6.1,39,69,7.7,0,0,0.1,0,0.6,0.4,0.7,0.9,1.3,1.4,2,0,0.6,0.1,0
09/16/2020,10.9,0.1,6.9,15.5,14,12.1,10.8,7.7,5.7,3.8,11.3,10.3,15.7,3,5,7.8,6,0,0,0,0,0.1,0.2,0.4,1.1,0.1,0.1,0.2,0,0.1,0,0,294.3,2.6,38,85.9,64,40.7,33.7,20.1,8.9,3,156.3,136.6,122.3,5.4,38.9,69.9,7.1,0,0,0.1,0,0.4,0.6,0.6,0.9,1.1,1.4,1.4,0,0.7,0.4,0
09/22/2020,11.1,0.1,6.3,16.3,14,11.8,10.5,8.9,6.4,7.9,10.8,11.2,15.7,3.4,4.6,6.9,8.3,0,0,0,0,0,0.3,0.4,1.6,0.1,0.1,0.1,0,0.1,0.1,0,300.3,2.7,34.4,90,63.7,39.6,33,23.3,10,6.3,150.1,147.4,121.9,6.1,36.3,61.9,9.9,0,0,0,0,0.1,0.7,0.6,1.3,1.6,1.1,0.7,0,0.7,1.3,0
09/23/2020,11.2,0.1,6.3,16.3,14.2,12.1,10.7,9,6,8.2,10.6,11.5,15.3,3.4,4.5,6.5,10,0,0,0,0,0,0.2,0.5,1.8,0.1,0.1,0.1,0,0.1,0.1,0,303,2.9,34.4,90,64.7,40.9,33.6,23.6,9.3,6.6,147.1,151.7,118.7,6.1,35,58.9,12,0,0,0,0.1,0.1,0.4,0.7,1.4,1.4,1.4,0.6,0,1.1,1.1,0
09/24/2020,11.3,0.1,6.6,16.1,14,12.7,11,8.9,5.9,7.7,10.7,11.5,15.9,2.9,4.3,6,9.3,0,0,0,0,0.1,0.2,0.5,2,0.1,0.1,0.1,0,0.1,0.1,0,305,3.3,36.1,89,64,42.9,34.3,23.4,9.1,6.1,148.7,152.1,123.6,5.3,34,54.3,11.1,0,0,0,0.1,0.3,0.6,0.7,1.6,1.7,1.6,1,0,1.1,1.1,0
09/25/2020,11.5,0.1,6.7,16.2,14.3,13.8,10.9,8.5,6.3,7,11.2,11.4,16.3,2.8,4.4,5.7,9.2,0,0,0,0.1,0.1,0.2,0.4,1.8,0.1,0.1,0.1,0,0.2,0.1,0,309.9,3.3,36.7,89.4,65.3,46.6,34.1,22.4,9.7,5.6,154.6,150.6,126.9,5,34.9,51.6,11,0,0,0,0.3,0.4,0.6,0.6,1.4,1.7,1.6,1.1,0,1.3,0.9,0
09/26/2020,11.8,0.1,7.1,16.6,14.6,14.3,11.6,8.3,6.6,6.4,11.3,11.9,16.7,3,4.3,6,9.6,0,0,0,0.1,0.2,0.3,0.4,1.6,0.1,0.1,0.2,0,0.2,0.1,0,318.9,3.6,38.9,91.7,66.7,48.1,36.3,21.7,10.3,5.1,157,157.4,129.7,5.4,33.9,54.3,11.4,0,0,0.1,0.3,0.6,0.7,0.6,1.3,1.7,1.9,1.4,0,1.3,0.9,0
09/27/2020,12,0.1,7.1,17.1,14.7,14.7,11.8,8.6,6.6,6.4,11.6,12.1,17,2.9,4.5,6.2,10.8,0,0,0,0.1,0.2,0.1,0.4,1.3,0.1,0.1,0.1,0,0.1,0.1,0,324.9,2.9,39,94.6,67,49.4,36.9,22.6,10.3,5.1,161.1,159.4,132,5.3,35.4,56,12.9,0,0,0.1,0.3,0.6,0.3,0.6,1,1.3,1.6,1.1,0,1.1,0.6,0
03/26/2020,9.9,0.1,0.4,7.4,10.7,14.6,17.6,13.3,16.8,12.3,8.8,11,5.4,5.2,16.2,7.1,7.5,0,0,0,0,0.1,0.2,0.2,0.7,0,0.1,0,0.1,0.2,0,0.1,267.1,2.3,2.4,40.7,49,49.1,55,34.9,26.1,9.9,121.3,145.3,42,9.4,127.4,64.3,9,0.1,0.1,0.1,0.1,0.3,0.6,0.3,0.6,0.4,1.9,0.3,0.1,1.6,0.1,0.1
03/27/2020,11.2,0.1,0.5,7.9,12,16.9,20.9,14.4,18.9,15.5,10.2,12.2,6.3,5.5,18.6,7.6,8.7,0,0,0,0.1,0.1,0.4,0.5,0.7,0.1,0.2,0.1,0.1,0.3,0,0.1,302.7,3.4,2.7,43.6,54.6,56.7,65.4,38,29.3,12.4,141.1,160.7,48.9,9.9,146,68.7,10.4,0.1,0.1,0.1,0.3,0.4,1,0.7,0.6,0.9,2.6,0.6,0.1,2.1,0.4,0.1
03/28/2020,11.8,0.1,0.5,8.1,12.9,17.6,21.6,15.6,20.2,18,11.1,12.6,6.5,5.4,19.9,7.9,9.7,0,0,0,0.1,0.2,0.3,0.6,0.7,0.1,0.2,0.1,0.1,0.3,0.1,0.1,320.6,3.7,3,45,58.7,59.1,67.7,41.1,31.4,14.4,153.3,166.3,50.6,9.7,156.4,71,11.6,0.1,0.1,0.1,0.3,0.7,0.9,0.9,0.6,1,2.7,0.7,0.1,2.1,0.6,0.1
03/29/2020,12.4,0.2,0.5,8.3,13.5,18.6,22.2,17.1,21.7,20,11.6,13.2,7.1,5.8,21.1,7.7,10.2,0,0.1,0,0.1,0.4,0.5,1.1,1.4,0.1,0.4,0.1,0.2,0.5,0.1,0,336.7,6.3,2.7,45.9,61.6,62.4,69.6,44.9,33.7,16,160.9,174.9,55.3,10.4,165.4,69.3,12.1,0.1,0.3,0.1,0.3,1.1,1.4,1.7,1.1,1.4,4.9,1,0.4,4,0.9,0
03/30/2020,13.2,0.3,0.5,8.5,14.2,19.7,23.4,18.6,22.4,24.5,12.4,14,8,5.7,22.5,7.8,10.9,0,0,0.1,0.1,0.5,0.7,1.5,1.6,0.1,0.4,0.2,0.3,0.6,0.1,0,358,7.6,3,47,64.9,66.4,73.3,49,34.9,19.6,171.7,185.3,62,10.3,176.3,69.9,13,0,0.1,0.3,0.4,1.4,1.7,2.3,1.3,2,5.6,1.4,0.6,4.4,1.1,0
03/31/2020,14,0.4,0.7,8.4,15.3,21.4,25.1,19.1,22.9,26.8,13.4,14.4,8.8,6,23.6,7.7,11.7,0,0,0.1,0.3,0.5,0.5,1.9,2.7,0.2,0.5,0.2,0.3,0.8,0.1,0,377.7,9.6,3.6,46.7,70,71.9,78.4,50.1,35.6,21.4,186,190,68.3,10.7,185,69.4,14,0,0.1,0.3,1,1.6,1.4,3,2.1,2.9,6.7,1.6,0.6,6.3,1.1,0
04/01/2020,14.4,0.5,0.7,8.6,15.3,22,25.2,22.2,23.4,28.4,14.1,14.5,9.7,6.7,24.3,7.3,11.4,0,0,0.1,0.3,0.5,0.9,2.5,3.8,0.3,0.6,0.2,0.4,1.1,0.1,0,390.9,12.3,3.7,47.4,69.7,74,78.7,58.3,36.3,22.7,195.6,191,75.3,12,190.3,66,13.6,0,0.1,0.3,1.1,1.6,2.3,3.9,3,4.1,8.1,1.9,0.7,8.6,1,0
04/03/2020,14.9,0.6,0.6,9.2,15.2,22,24.6,24.1,24.8,34.1,14.9,14.6,10.7,7.9,24.3,7,12.4,0,0,0.1,0.4,0.6,1,3.3,5.9,0.4,0.8,0.3,0.5,1.5,0.1,0,403.4,16.4,3.4,50.7,69.4,73.9,76.9,63.3,38.6,27.3,205.9,193,83.1,14.1,190.7,62.7,14.9,0,0.1,0.4,1.4,2,2.6,5.1,4.7,6.1,10.3,2.3,0.9,11.9,1.3,0
04/04/2020,15.3,0.7,0.6,9.3,14.7,23,25.7,25.4,25.3,35.2,15,15.3,11.3,8.6,24.5,7,13.3,0,0,0.1,0.6,0.7,1.2,3.6,7,0.6,0.8,0.3,0.5,1.7,0.2,0.1,414.3,19,3.4,51.6,67.1,77.3,80.6,66.9,39.3,28.1,207.9,202,87.7,15.4,192.1,62.9,15.9,0,0.1,0.4,1.9,2.3,3.1,5.6,5.6,7.9,11.1,2.6,0.9,13.6,1.7,0.1
04/05/2020,15.4,0.7,0.6,9.4,14.8,22.8,26.8,25,24.4,36.4,15,15.4,11.6,8.6,23.8,7.2,13.4,0,0,0.1,0.6,0.8,1.1,4,7.5,0.6,0.9,0.4,0.3,1.8,0.2,0.1,415.7,19.9,3.3,51.9,67.4,76.6,83.9,65.7,37.9,29.1,207.7,203.1,90,15.4,187,65.1,16,0,0,0.4,2,2.4,2.9,6.1,6,8.6,11.3,3,0.6,14.1,1.9,0.1
04/06/2020,16.1,0.8,0.6,10,15.3,23.6,28.1,26.9,25.6,37.3,15.8,15.9,12.5,9.2,24.3,7.6,14.6,0,0,0.1,0.6,0.9,1,4.2,8.4,0.7,0.9,0.4,0.2,2,0.2,0.1,436.1,21.3,3.1,55.3,70,79.6,87.9,70.7,39.7,29.9,219.6,210.3,97.4,16.6,190.3,68,17.4,0,0,0.3,2.1,2.9,2.7,6.6,6.7,9.3,12,3,0.4,15.6,2,0.1
04/08/2020,17.8,0.9,0.7,11.4,16.4,24.4,30.9,29.6,29.5,45.2,17,17.8,14.9,9.4,25.3,8.3,18.1,0,0,0,0.5,1.4,1.3,4.9,8.8,0.7,1.1,0.5,0.3,2.1,0.4,0.4,480.9,24.1,3.9,63.3,75,82.1,96.7,77.9,45.9,36.1,236.3,235.3,115.9,16.9,198.6,75.1,21.6,0,0,0.1,1.7,4.3,3.4,7.6,7,10.1,14,3.6,0.6,16.3,3.3,0.4
03/19/2020,3.3,0,0.2,2.8,4.5,5.6,4.4,4.1,3.8,2.9,2.9,3.7,1.2,2.8,4.2,3.9,1.6,0,0,0,0,0,0.1,0.1,0.4,0,0,0,0,0.1,0,0,89,0.7,1.1,15.7,20.6,19,13.7,10.7,5.9,2.3,39.6,48.7,9.4,5,33.1,35.1,1.9,0,0,0,0,0.1,0.1,0.1,0.3,0.4,0.3,0,0,0.6,0.1,0
03/20/2020,3.9,0,0.3,3.3,4.8,6.8,5.5,5.3,5.2,3.6,3.5,4.3,1.5,3.1,5.6,4.2,1.9,0,0,0,0,0,0.1,0.1,0.4,0,0,0,0,0.1,0,0,106.6,0.7,1.4,18.4,21.9,22.9,17.3,13.9,8,2.9,48.7,57.1,11.7,5.6,43.7,38,2.3,0,0,0,0,0.1,0.1,0.1,0.3,0.4,0.3,0,0,0.6,0.1,0
04/10/2020,19.1,1,1.4,12.2,18.7,26.1,33.3,30.8,28.9,46.4,17.5,19.8,17.4,10.5,25.5,8.7,20.3,0,0,0,0.5,1.5,1.6,5,10.5,0.8,1.2,0.5,0.4,2.3,0.4,0.4,515.6,26.7,7.7,67.7,85.1,87.9,104.1,81,44.9,37.1,242.6,261.7,135.3,18.9,200.3,78,24.3,0,0,0.1,1.7,4.6,4.1,7.7,8.4,11.1,15.6,4,0.7,17.7,3.9,0.4
04/11/2020,19.4,1,1.5,12.7,19.7,26.3,33.9,30.4,29.3,46.6,17.8,20.2,18,10.7,25.6,8.8,20.1,0,0,0.1,0.4,1.6,1.7,5.5,10.7,0.8,1.3,0.6,0.6,2.4,0.4,0.2,525.9,28.3,8.4,70.4,89.9,88.4,106,79.9,45.6,37.3,247.1,267.1,140.1,19.3,200.6,79.4,24,0,0,0.3,1.4,4.9,4.6,8.6,8.6,11.4,16.9,4.7,1,18.7,3.6,0.3
09/20/2020,11.3,0.1,7,15.8,14.4,12.1,11.4,8.7,5.7,6.8,11.2,11.2,15.8,3.5,5.1,7.6,7.4,0,0,0,0,0,0.3,0.4,1.4,0.1,0.1,0.1,0,0.1,0.1,0,305,2.7,38.3,87.3,65.7,40.9,35.6,23,8.9,5.4,155.9,147.4,122.7,6.3,39.9,68.3,8.9,0,0,0,0,0.1,0.9,0.6,1.1,1.4,1.3,1,0,0.7,1,0
04/02/2020,14.6,0.5,0.7,8.4,15.1,22.3,25,22.4,23.7,32.7,14.4,14.4,9.9,6.7,24.8,6.8,12,0,0,0.1,0.4,0.6,0.9,3,4.3,0.4,0.7,0.3,0.5,1.2,0.1,0,394.4,14.1,3.7,46.6,69,75,78.1,59,36.9,26.1,199.6,190.1,76.7,12,194.3,61.1,14.3,0,0.1,0.3,1.3,1.9,2.4,4.7,3.4,4.9,9.3,2.1,0.9,9.7,1.3,0
04/09/2020,18.5,0.9,0.9,12.1,17.5,25.2,32.6,30.5,29.5,45.5,17.5,18.8,16.5,10.3,25,8.7,19.3,0,0,0,0.5,1.4,1.6,4.7,9.8,0.8,1.1,0.5,0.2,2.2,0.4,0.4,500.7,25.6,4.9,66.7,79.7,84.9,102.1,80.1,45.9,36.4,243.1,247.7,128.1,18.6,196.1,78.6,23,0,0,0.1,1.6,4.4,4.3,7.3,7.9,11.3,14.3,4,0.4,17,3.7,0.4
04/07/2020,16.5,0.8,0.5,10.7,15.5,23.6,27.7,27.5,26.9,41.8,16.2,16.3,13.6,9.2,23.9,7.7,15.9,0,0,0.1,0.5,1.1,1.2,4.6,8.2,0.7,0.9,0.5,0.2,2,0.2,0.4,445.9,22.4,2.7,59,70.6,79.3,86.7,72.3,41.9,33.4,224.4,215,105.6,16.6,187.6,69.3,19,0,0,0.3,1.7,3.4,3.3,7.1,6.6,10,12.4,3.6,0.4,15.9,2,0.4
04/12/2020,19.7,1.1,2.2,12.8,19.9,26.5,33.3,30.6,30.6,47.9,18,20.5,18.4,10.4,25.7,8.9,21.3,0,0,0.1,0.4,1.5,2.2,5.2,11.3,0.9,1.3,0.6,0.6,2.4,0.5,0.2,532.9,29.3,12,70.6,90.7,89.1,104.1,80.4,47.6,38.3,249.3,270,143,18.7,201.6,79.7,25.4,0,0,0.4,1.4,4.6,5.9,8,9,12.6,16.7,4.6,1.1,19,4.3,0.3
04/13/2020,20.3,1.1,2.3,13.3,20.4,27.6,35.6,30.3,30.3,47.3,18.5,21.1,20.3,10.8,25.3,8.8,21.8,0,0,0.1,0.6,1.4,2.6,5.1,11.8,1,1.3,0.7,0.8,2.4,0.5,0.2,548.4,30.9,12.7,73.6,93.3,92.7,111.4,79.7,47.1,37.9,256.7,279,157.3,19.4,198.4,79.1,26,0,0,0.6,1.9,4.3,6.9,7.9,9.4,13.4,17.4,5.7,1.4,19.1,4.3,0.3
04/14/2020,20.8,1.2,2.7,13.8,20.8,28.7,37.4,30.2,30.1,47.2,19.1,21.7,21.5,11.4,25.2,8.9,22.8,0,0,0.2,0.6,1.3,2.7,5.1,13,1,1.4,0.8,1,2.4,0.6,0,563.7,32.1,14.7,76.4,95.1,96.4,117.1,79.4,46.7,37.7,265.3,286.6,166.7,20.6,198,79.7,27.3,0,0.1,0.9,1.9,4,7,7.9,10.4,13.4,18.7,6,1.7,18.7,5.7,0
04/17/2020,22.1,1.2,2.8,16.2,22.2,31.3,37.3,30.8,30.7,49.8,21,22.7,25.9,10.5,22.8,9,26.3,0,0.1,0.2,0.7,1.1,2.7,5.3,14.1,1,1.5,1,1.2,2.2,0.7,0,596.9,33.7,15.1,89.7,101.3,105.4,116.7,81,47.7,39.9,290.9,299.4,201,18.9,179.1,81.1,31.4,0,0.3,1,2.3,3.6,7,8.3,11.3,13.3,20.4,8,2.1,17.3,6.3,0
04/15/2020,20.4,1.2,2.9,14,21.1,28.8,36.1,27.9,28.1,46.1,19,21.5,22.6,11.4,23.1,8.2,24.3,0,0.1,0.2,0.6,1,2.5,4.7,13.6,0.9,1.4,0.9,1,2.3,0.6,0,553.1,31.4,16.1,77.3,96.3,96.9,112.9,73.3,43.6,36.9,263,283.6,175.4,20.6,180.9,74.1,29,0,0.3,1,2.1,3.3,6.6,7.3,10.9,12.7,18.7,6.9,1.9,17.7,5,0
04/16/2020,21,1.2,2.9,14.9,21.5,29.4,35.7,29,30.1,47.2,19.6,21.9,23.7,10.7,23,8.4,24.3,0,0.1,0.2,0.7,1,2.4,5,13.8,0.9,1.5,0.9,1.2,2.3,0.6,0,567.9,32.1,16,82.4,98,99,111.7,76.3,46.7,37.7,272,289.4,184,19.3,180,75.7,29,0,0.3,1,2.4,3.3,6.4,7.7,11,12.9,19.3,6.9,2.1,18,5.1,0
04/18/2020,22.8,1.3,2.9,17.2,23.1,32.7,37.6,32.2,31.3,49.1,21.6,23.5,27.3,10.5,23.1,9.1,27,0,0.1,0.2,0.8,1,2.7,5.5,14.8,1,1.6,1.1,1.4,2.2,0.7,0,616.4,34.6,15.9,94.9,105.6,109.9,117.7,84.7,48.6,39.3,299.4,310,211.9,18.9,181.3,82,32.3,0,0.3,0.9,2.6,3.3,7.1,8.6,11.9,14,20.6,8.6,2.6,17.1,6.3,0
04/22/2020,28.3,1.4,3.1,22.8,28.6,40.8,44.9,40.7,35.1,66.4,26.7,29,37.2,10.8,26,10.4,28.9,0,0,0.2,0.7,1.3,3.1,6.2,16.8,1.1,1.7,1.3,1.4,2.3,0.7,0.5,766.6,38.3,17.1,126,130.7,137.3,140.4,107.1,54.6,53.1,369.6,382.1,288.7,19.4,203.6,93.9,34.6,0,0.1,0.7,2.3,4,8.1,9.6,13.4,15.4,22.9,10.3,2.4,18.3,6.7,0.6
04/23/2020,32.5,1.4,3.7,24.7,31.5,45.2,50.3,48.8,44.2,88.9,30.9,32.1,41.6,11.2,28.9,11.8,33.8,0,0.1,0.2,0.8,1.3,3.3,6.2,16.6,1.1,1.9,1.5,1.3,2.3,0.8,0.5,879,39.1,20.6,136.7,143.7,152.1,157.4,128.4,68.7,71.1,428.7,423.9,323.1,20.1,227,106,40.4,0,0.3,0.9,2.6,4,8.6,9.6,13.3,14.7,24.4,11.4,2.3,18,6.9,0.6
04/24/2020,34.1,1.5,4.1,26,32.9,47,52.4,51,46.4,96.1,32.1,33.8,44.1,11.7,29.2,12.3,35.8,0,0.1,0.2,0.7,1.3,3.5,6.3,17,1.1,1.9,1.5,1.3,2.3,0.8,0.5,922.1,40.6,22.6,143.9,150.3,158.1,164.1,134,72.1,76.9,444.7,445.9,342.4,21,228.9,110.9,42.7,0,0.4,1,2.3,4.1,9.3,9.9,13.6,15.4,25.1,11.9,2.3,18.4,7.4,0.6
04/25/2020,34.6,1.5,4.6,26.8,33.5,48.5,53.2,50.2,45.3,96.4,32.7,34.2,45.7,11.4,28.2,12.6,36,0,0.1,0.3,0.6,1.4,3.4,6.3,17,1.1,2,1.5,1,2.3,0.9,0.5,936.3,40.4,25.4,148.4,153,163.3,166.4,132,70.4,77.1,453.7,451.3,354.6,20.6,221,113.6,43,0,0.4,1.3,2,4.4,9,9.7,13.6,14.6,25.9,11.9,1.9,18.3,7.9,0.6
04/26/2020,34.5,1.6,4.8,27.3,33.3,49.8,52.8,49.2,43.7,91.4,32.9,33.7,45.8,11.3,26.7,12.7,35.9,0,0.1,0.3,0.6,1.2,3.7,6.8,18.2,1.2,2,1.6,1,2.5,0.9,0.2,932.6,42.7,26.3,151,152,167.6,165.1,129.4,67.9,73.1,456.6,444.6,355.6,20.3,209.3,114.3,42.9,0,0.6,1.3,2.1,3.9,9.7,10.6,14.6,16.1,26.6,12.6,1.7,19.7,8.4,0.3
04/27/2020,35.3,1.6,5.3,29.3,33.9,50.7,53.2,49.4,43.4,95.6,33.9,34.3,47.9,11.1,25.8,12.6,37.9,0,0.1,0.3,0.6,1.2,3.6,7.2,17.3,1.1,2,1.6,0.9,2.6,0.9,0.1,956.3,42,28.9,161.9,154.7,170.6,166.6,129.9,67.4,76.4,469.9,452.1,371.9,20,202.3,113,45.3,0,0.6,1.1,2.1,3.7,9.4,11.1,13.9,15.6,26.4,12.1,1.6,20.3,7.9,0.1
04/28/2020,37.7,1.7,6.5,31.8,36.1,54.7,57.6,51.9,44.5,93.4,35.8,36.9,51.9,11.4,26.4,12.4,43.4,0,0.1,0.3,0.6,1.4,3.7,7.1,20,1.2,2.1,1.6,1.1,2.7,1,0.1,1020.7,44.9,35.7,175.6,164.6,184.1,180.3,136.6,69.1,74.7,496,487.3,402.9,20.4,207.1,111.6,51.9,0,0.4,1.1,2.1,4.4,9.7,11,16,16.9,28,12.3,2,21.4,9,0.1
04/29/2020,38.2,1.6,7.1,32.8,38,56.9,57.4,50.2,44.2,87.2,35.9,38.1,53.5,11,25.4,12.6,43.5,0,0.1,0.2,0.7,1.4,3.2,7.1,21.3,1.2,2.1,1.7,1.4,2.5,1,0,1034.6,44.4,38.7,181.1,173.3,191.4,179.6,132,68.7,69.7,498.1,502.9,415.4,19.7,199.4,113.1,52,0,0.6,0.9,2.4,4.3,8.3,11,17,16.9,27.6,13.4,2.4,19.4,9.1,0
04/30/2020,37.2,1.7,7.7,33.7,38.5,57.1,54.9,45.1,38.3,75.9,34.8,37.9,54.7,11.1,22.6,12.1,40.9,0,0.1,0.3,0.6,1.4,3.1,7.4,22,1.3,2,1.7,1.3,2.6,1,0,1007.1,45,42.3,186.4,175.9,192,171.9,118.6,59.4,60.7,482.1,500.6,424.7,20,177.3,108.7,48.9,0,0.4,1.1,1.9,4.4,8.1,11.4,17.6,18,27,13.4,2.3,20,9.3,0
05/01/2020,37.7,1.6,8.4,34.9,40.1,57.9,55,43.8,38,72,36,37.8,56.8,10.9,22.1,11.5,39.6,0,0.1,0.2,0.6,1.3,3.1,6.7,21.3,1.2,1.9,1.7,1.2,2.4,1,0,1020.7,43,46.3,192.7,183,194.7,172.3,115.1,59,57.6,499.4,499.3,441.4,19.6,173.4,103.1,47.3,0,0.4,0.9,2,4.1,8.1,10.4,17,17.3,25.7,13.1,2.1,19,8.6,0
05/02/2020,38.2,1.7,8.2,35.4,40.3,58.8,56.6,44.2,38.7,70.4,36.4,38.3,58.5,10.5,22.1,11.1,39.2,0,0.1,0.2,0.6,1.4,3.5,6.7,21.8,1.3,2,1.7,1.3,2.5,1,0.1,1032.4,44.7,45.3,195.6,183.9,197.9,177.3,116.1,60.1,56.3,504.4,505.9,454,18.9,173.7,99.7,46.9,0,0.4,0.7,2,4.4,9.3,10.4,17.4,18.3,26.4,13,2.3,19.7,9.4,0.1
05/03/2020,38.3,1.6,8.2,35.7,41,58,57.3,44.7,38.5,69.5,36.2,38.8,59.3,9.7,22.6,10.8,39.1,0,0.1,0.2,0.5,1.5,3.5,6.9,20.7,1.3,2,1.7,1.1,2.4,1.1,0.1,1036.7,43.9,44.9,197.4,187.1,195,179.4,117.4,59.9,55.6,501.6,512.1,460.9,17.4,177.1,97,46.7,0,0.3,0.7,1.7,4.6,9.3,10.7,16.6,18,25.9,13.3,2,18.7,9.6,0.1
05/04/2020,38.1,1.7,8.6,35.3,41.7,58.4,56.1,43.8,38.5,65.2,36,38.7,59.4,9.7,22.1,10.7,37.2,0,0.1,0.2,0.5,1.5,3.9,7,21.6,1.4,2,1.9,1.2,2.4,1.1,0.1,1031.6,45.7,47,195.1,190.3,196.6,175.4,115.1,59.9,52.1,499.4,510.7,461.1,17.4,173.4,95.9,44.4,0,0.4,0.7,1.6,4.7,10.1,10.9,17.3,19.7,26,14.6,2.1,18.9,9.9,0.1
05/05/2020,36.9,1.7,8.2,34.3,40.9,56.9,54.2,42.1,36.7,60.7,35.3,36.8,57.8,9.7,20.6,10.5,33,0,0.1,0.2,0.4,1.3,3.9,7.6,21.3,1.5,1.9,1.9,1.2,2.3,1.1,0.1,998.4,45.9,45,189.4,186.6,191.6,169.6,110.7,57,48.6,489.7,485.9,448.7,17.4,161.9,94.3,39.4,0,0.6,0.9,1.3,4,10.3,11.9,17,20.1,25.7,15.1,2.1,18.1,10,0.1
05/08/2020,32.9,1.8,8.1,31,36.9,54,49,36.4,28.3,38.2,31.4,32.9,53.1,7.6,17.6,8.7,31.9,0,0.1,0.2,0.4,1.5,4.6,8,20.4,1.5,2.1,2,1.4,2.3,1.2,0.2,889.6,48,44.4,171.4,168.4,181.6,153.4,95.7,44,30.6,435.7,434.1,412.3,13.7,137.7,77.9,38.1,0,0.3,0.7,1.4,4.7,12.1,12.4,16.3,20.7,27.3,15.6,2.6,18.3,11,0.3
05/09/2020,31.8,1.8,8.3,30,36.1,51.6,46.7,35.3,27.2,37.9,30.6,31.6,51.1,7.6,17.2,8.4,31.4,0,0.1,0.1,0.6,1.4,4.2,8,22,1.5,2.1,2.3,1.4,2.1,1.2,0.2,861.7,48.3,45.7,166.1,164.7,173.6,146.1,92.9,42.3,30.3,424.6,417.4,396.7,13.7,135.3,75.4,37.6,0,0.4,0.6,1.9,4.4,11,12.4,17.6,21,27.3,17.7,2.6,16.9,10.6,0.3
05/10/2020,31,1.8,8.5,29.1,35.3,51.1,44.9,34,25.8,36.1,29.9,30.8,49.7,7.5,16.3,8.3,30.6,0,0.1,0.2,0.6,1.3,4.1,7.5,22.1,1.5,2.1,2.2,1.5,2.1,1.1,0.4,839.3,47.4,46.7,160.9,161.1,171.9,140.6,89.3,40,28.9,414.4,406.3,385.9,13.6,128.1,75,36.6,0,0.4,0.7,2,4.1,10.7,11.7,17.7,20.3,27.1,17.1,2.7,16.7,10.1,0.4
05/11/2020,30.5,1.7,8.6,28.8,34.5,49,43.3,34.2,27.2,34.5,29.4,30.2,49.8,6.8,16.1,8.1,28.7,0,0.1,0.2,0.7,1.4,3.7,6.7,22.3,1.4,2,2.2,1.4,2,1.1,0.4,824.1,46,47.4,159,157.6,164.7,135.6,90,42.3,27.6,408,398.4,386.9,12.1,126,72.7,34.3,0,0.3,0.9,2.4,4.4,9.7,10.4,17.9,19,27,17,2.4,16,9.9,0.4
05/12/2020,29.7,1.6,8.9,28,33.6,47.4,41.3,32.4,27.4,36.4,28.8,29.6,48.9,6.3,16.2,8.2,25.5,0,0,0.3,0.8,1.6,3.7,5.8,20.9,1.2,2.1,2.3,1.1,2,1,0.4,803.1,44.4,48.9,155,153.4,159.6,129.3,85.3,42.6,29.1,399.9,390.6,380.1,11.3,127.3,73.4,30.4,0,0.1,1.3,2.6,5,9.7,9,16.7,17,27.4,17.6,2,15.7,8.6,0.4
05/13/2020,29.2,1.7,8.9,28,33.7,45.3,39.7,32.5,26.2,35.4,28.6,29.1,48.2,6.4,15.8,7.8,24,0,0,0.3,0.8,1.6,3.8,5.9,20.7,1.3,2.1,2.4,1.1,2,0.9,0.5,788.9,44.7,49,154.7,154,152.4,124.3,85.4,40.7,28.3,396.6,383.4,374,11.4,123.7,70.6,28.7,0,0.1,1.4,2.6,4.9,10,9.1,16.6,17.4,27.3,18.3,2,15.9,7.7,0.6
05/14/2020,28.3,1.6,8.7,27.7,32.4,43.6,37.9,31.3,26.5,34.8,27.7,28.2,46.2,6.6,16.5,7.6,22.2,0,0,0.4,0.7,1.4,3.3,5.6,22.3,1.3,2,2.3,1.2,2.1,0.8,0.5,765.7,44.1,47.7,153,148,146.9,118.7,82.4,41.1,27.9,384.6,372.3,358.7,11.9,129.1,68.1,26.6,0.1,0.1,1.7,2.4,4.4,8.7,8.7,17.9,17.7,26.4,17.9,2.1,16.1,7.3,0.6
05/15/2020,28.6,1.7,9.4,28.1,32.7,42.4,37.2,32.3,28.3,35.2,28.8,27.8,46.4,6.2,16.8,7.7,21.3,0,0,0.4,0.7,1.6,3.4,5.6,22,1.2,2.1,2.4,1.2,2,0.8,0.7,772.6,44.7,51.7,155.4,149.4,142.7,116.3,84.9,44,28.1,398.6,366.6,360.3,11.1,131.9,69.1,25.4,0.1,0.1,2,2.4,4.9,8.9,8.7,17.6,16.9,27.9,18.3,2.1,15.7,7.6,0.9
05/16/2020,28.5,1.5,9.4,28.2,32.3,42.2,36.6,32.6,29,36.8,28.9,27.5,45.7,6.4,16.9,7.9,21.2,0,0,0.5,0.7,1.3,3.4,5,20.2,1.1,2,2,1,2,0.8,0.6,771.9,41.3,51.9,155.9,147.6,142,114.4,85.7,45,29.4,400.7,363.4,354.6,11.4,132.9,71.1,25.3,0.1,0,2.1,2.3,4,8.9,7.7,16.1,14.7,26.6,15.9,1.9,15.4,7.3,0.7
05/17/2020,28.6,1.5,9.4,28,32.5,41.1,37.6,32.8,29.7,39.1,29.1,27.5,46,6.3,17.1,7.8,21,0,0,0.5,0.6,1.3,3.5,5.1,20,1.1,2,2.1,1.1,1.9,0.8,0.6,774.6,41.6,51.9,155,148.3,138.1,117.7,86.1,46.1,31.3,403.1,363.4,357,11.3,133.9,70,25.1,0.1,0,2.1,2,4.1,9.3,7.9,16,14.9,26.7,16.1,2,15.1,7.4,0.7
05/18/2020,28.3,1.5,9.6,28.8,31.1,40.9,37.9,31.1,27.6,37.7,28.9,27,44.2,6,16.8,7.6,22.2,0,0,0.5,0.6,1.1,3.6,5.4,18.8,1.1,2,2,1.2,1.9,0.9,0.6,764.9,40.9,52.6,159.4,141.7,137.7,118.7,81.7,42.9,30.1,400.9,356.3,343.1,10.7,132.1,68.1,26.6,0.1,0,2.3,1.9,3.6,9.6,8.4,15,14.7,26.1,15.3,2.1,14.9,7.7,0.7
05/19/2020,28,1.4,9.9,29.7,30.9,39.5,36.5,30.7,26.6,35.9,28.5,26.9,43.8,6.2,16.3,7.1,24.8,0,0,0.4,0.6,1.2,3.4,5.3,16.3,1,1.8,1.8,1.2,1.7,0.8,0.6,757.7,38.1,54.6,164.3,141,132.9,114.3,80.7,41.3,28.7,394.9,355,340.4,11.1,128,63.7,29.6,0.1,0.1,1.9,2,3.9,8.9,8.3,13,14.1,24,13.7,2.1,13.7,7.6,0.7
05/20/2020,27.4,1.3,10,30.2,29.8,38.4,35.3,29.5,26.2,33.4,28,26.2,42.7,5.4,16.7,6.9,24.6,0,0.1,0.4,0.5,1.3,3.2,4.8,15,0.9,1.8,1.7,1,1.6,0.8,0.5,742.7,35.9,54.9,167.1,136,129.3,110.4,77.6,40.7,26.7,388.4,346.3,331.6,9.7,131,62.4,29.4,0.1,0.3,1.7,1.7,4.1,8.4,7.4,12,12.7,23.1,13.3,1.9,12.7,7.3,0.6
05/21/2020,27.6,1.3,10.7,30.5,29.3,37.9,36,28.6,26.9,35.7,28.2,26.3,43.4,6.3,16.2,6.6,24.2,0,0.1,0.3,0.5,1.2,3.6,5.2,12.1,0.8,1.7,1.8,0.8,1.3,0.9,0.4,746.9,34.3,58.6,168.6,133.9,127.6,112.6,75.3,41.9,28.6,391.4,346.6,337.3,11.3,126.9,59.7,28.9,0,0.3,1.3,1.6,3.9,9.6,8,9.7,11.6,22.7,13.9,1.4,10.6,7.9,0.4
05/22/2020,26.3,1.2,10.3,29.7,27.3,36.1,34.9,27.1,24.3,33.8,26.5,25.4,41.6,6.2,16,6.3,23.2,0,0.1,0.2,0.5,1.2,3.4,4.8,12,0.8,1.6,1.7,1,1.4,0.7,0.1,711.6,32.4,56.3,164.1,124.4,121.6,109.1,71.3,37.7,27,367.1,335.4,323.3,11.1,125.1,56.4,27.7,0,0.3,1,1.6,3.7,8.9,7.4,9.6,11.7,20.7,12.9,1.7,10.9,6.7,0.1
05/25/2020,21.4,1.1,8.6,23.4,22.2,28.6,27.5,24.1,20.9,28.8,21.5,20.7,33.3,5.2,13.6,5.3,18.1,0,0.1,0.2,0.4,1.3,2.8,4.9,9.6,0.9,1.3,1.4,0.6,1.3,0.8,0.1,579,29.3,47,129.4,101.3,96.3,86.1,63.4,32.4,23,298.6,273.9,258.7,9.4,106.3,48.1,21.6,0,0.4,0.7,1.4,4.1,7.3,7.6,7.7,12.3,17,10.9,1.1,10,7,0.1
05/26/2020,20.7,1.1,8.1,22.1,20.8,28.2,27.3,23.6,21,27.7,21,19.9,32.1,5.4,13.1,5.2,17.5,0,0.1,0.1,0.3,1.1,2.9,5.2,9.5,0.9,1.2,1.3,0.6,1.3,0.8,0.1,559,28.7,44.6,122.1,95.1,94.9,85.4,62.1,32.6,22.1,290.4,262,249.4,9.7,102.6,46.6,20.9,0,0.3,0.6,1,3.6,7.7,8,7.6,12.3,16.4,10.4,1,10.1,7,0.1
05/27/2020,19.8,1,8.4,19.9,19.9,27.3,26.2,23.1,20.6,28.4,20,19,31.1,5.7,12.4,5,16.7,0,0,0.2,0.3,0.9,2.8,5.4,9.8,0.9,1.2,1.3,0.4,1.3,0.8,0.1,536.3,28.3,46.3,110.1,90.7,91.7,81.9,60.9,32,22.7,277.9,251.4,241.6,10.3,97.1,45.3,20,0,0.1,0.7,1,2.9,7.3,8.4,7.9,12.7,15.6,9.7,0.7,10.6,7.1,0.1
05/28/2020,18.3,1,7.5,18.2,18.4,26.3,23.7,22.2,18.4,25,18.4,17.8,28.2,4.4,12.1,5.1,14.9,0,0,0.1,0.3,1,2.1,4.8,10.7,0.9,1.1,1.1,0.3,1.4,0.7,0.1,495.7,26.6,41.4,100.7,83.9,88.6,74.1,58.4,28.6,20,255.1,235,219.3,7.9,94.6,45.7,17.9,0,0.1,0.6,1.1,3.1,5.6,7.4,8.6,12.3,14.3,8.7,0.6,10.7,6.4,0.1
05/29/2020,16.9,0.9,6.7,17.2,16.3,24.6,22,20.5,16.8,24.5,17.2,16.3,25.8,4.3,11.2,4.6,13.6,0,0,0.1,0.3,0.9,1.9,4.6,9.6,0.8,1,1,0.2,1.3,0.6,0.2,458.1,24.4,37,95.3,74.6,82.9,68.9,53.9,26.1,19.6,238,215.3,200.7,7.7,88,41.7,16.3,0,0.1,0.6,1.1,2.7,5,7.1,7.7,11.6,12.9,8.1,0.3,10.1,5.6,0.3
05/30/2020,16.5,0.9,6.5,17,15.8,24.2,21.4,19.8,16,22.9,16.7,15.8,25.3,4.1,10.8,4.4,13.9,0,0,0.1,0.4,0.8,2.1,4.2,8.6,0.8,0.9,1.1,0.2,1.2,0.5,0.4,445.4,23.1,35.7,94,72.3,81.3,67,52,24.9,18.3,231.7,208.7,196.9,7.3,84.7,40,16.6,0,0,0.4,1.3,2.6,5.4,6.6,6.9,10.9,12.3,8.4,0.3,9.4,4.6,0.4
05/31/2020,15.6,0.8,6.5,16.3,15.2,23.1,20.4,17.9,14.4,20.9,15.8,15.1,24,4,10.6,4.3,12.4,0,0,0.1,0.3,0.8,2,4,8.4,0.7,0.9,1.1,0.2,1.1,0.5,0.4,422.7,22.4,35.7,90,69.1,77.6,64,47.1,22.4,16.7,218.7,198.9,186.6,7.1,83.4,38.6,14.9,0,0,0.4,1.1,2.6,5.3,6.3,6.7,10,12.4,8.3,0.3,8.9,4.6,0.4
06/01/2020,15.5,0.8,6.9,16.7,15.2,22.8,20.1,16.2,13.6,22.5,15.9,14.8,24.2,4.1,10.3,4.2,13.5,0,0,0.1,0.4,0.7,2,3.8,8.9,0.7,0.9,1.1,0.2,1.1,0.4,0.2,420.4,22.1,37.7,92.4,69.1,76.6,62.9,42.6,21.1,18,220.6,195,188.1,7.4,81,37.6,16.1,0,0,0.3,1.3,2.3,5.3,5.9,7.1,10.1,12,8.4,0.4,8.9,4,0.3
06/02/2020,12.9,0.8,5.6,13.4,12.5,18.8,15.8,13.9,11.6,23.2,13,12.1,19.2,3.7,9.2,3.5,10.4,0,0,0.1,0.4,0.8,1.7,3.3,10.7,0.8,0.9,1.2,0.3,1,0.4,0.2,348,22.4,31,74.1,57,63.3,49.4,36.6,18,18.6,180.9,160,149.1,6.7,71.9,31.6,12.4,0,0,0.4,1.3,2.4,4.6,5.1,8.6,10.7,11.7,9.6,0.6,7.9,4,0.3
06/03/2020,11.1,0.8,4.4,11.8,10.8,15.6,14.1,12.1,10.3,21.8,11.4,10.4,15.7,3.3,8.5,3.1,10.2,0,0.1,0,0.3,0.7,1.4,3.5,10.9,0.8,0.8,1.2,0.2,1,0.4,0.2,300.9,21.7,24.4,65.1,49.4,52.6,44,31.9,16,17.4,157.6,137.6,121.6,6,66.4,28.1,12.1,0,0.3,0.1,1.1,2.3,3.7,5.4,8.7,10.7,11,9.4,0.4,7.6,3.9,0.3
06/04/2020,10.1,0.8,4.1,11.3,10,13.8,12.7,10.2,8.7,18.9,10.4,9.4,14.4,3.1,7.6,2.6,9.6,0,0.1,0.1,0.3,0.5,1.7,3.5,9.3,0.7,0.8,1.1,0.3,1,0.3,0.2,272.1,20.7,22.4,62.4,45.7,46.3,39.9,26.7,13.6,15.1,143.6,123.6,112,5.6,59.4,23.3,11.4,0,0.3,0.4,1.1,1.6,4.4,5.4,7.4,10,10.7,8.9,0.6,7.7,3.1,0.3
06/05/2020,9.4,0.7,4.1,10.2,10,12.3,11.6,9.5,8.7,16.8,9.6,8.9,13.6,2.6,6.7,2.5,9,0,0.1,0.1,0.3,0.5,1.5,3.8,9.1,0.7,0.8,1.1,0.3,0.9,0.4,0.1,254.3,20.3,22.4,56.6,45.7,41.4,36.3,24.9,13.6,13.4,132.4,117.4,106,4.7,52.3,22.6,10.7,0,0.3,0.4,1,1.6,3.9,5.9,7.3,9.9,10.4,8.6,0.6,7.3,3.6,0.1
06/06/2020,9,0.7,4,9.7,9.4,12,11,9.3,8.7,16.6,9.1,8.6,13.4,2.4,6.3,2.5,8.5,0,0.1,0.1,0.3,0.5,1.5,4,8.8,0.7,0.8,1,0.4,1,0.4,0,244.4,20.1,21.9,53.4,43,40.4,34.4,24.4,13.6,13.3,126.1,114.1,103.7,4.3,49.4,22.7,10.1,0,0.3,0.6,0.9,1.4,3.9,6.1,7,9.3,10.9,8.1,0.7,7.9,3.3,0
06/17/2020,7,0.6,3.7,9,6.8,8.7,8.5,7,4.8,8.8,7.4,6.5,10.6,1.5,4.8,2.2,5.5,0,0,0,0.3,0.7,1.5,2.6,6.3,0.6,0.6,0.8,0.4,0.6,0.5,0,190,16.1,20.3,49.6,31.1,29.4,26.7,18.4,7.4,7,102.3,85.7,82,2.7,37.6,20.1,6.6,0,0.1,0.1,0.9,2.1,3.9,4,5,7.9,8.3,6.4,0.7,4.6,4.3,0
06/18/2020,6.9,0.6,3.8,8.4,7,8.8,8.4,6.5,4.4,9.8,7.2,6.4,10.2,1.5,4.8,2.2,5.3,0,0,0.1,0.3,0.6,1.6,2.8,6.1,0.6,0.6,0.9,0.3,0.6,0.5,0,187.3,16.7,21,46.6,32.1,29.6,26.3,17,6.9,7.9,100.4,85,79.4,2.7,37.6,20.1,6.3,0,0.1,0.3,0.9,2,4.3,4.3,4.9,8.3,8.4,6.9,0.6,5,4.1,0
06/19/2020,6.8,0.6,3.7,8.7,6.9,8,8.3,6.2,4.6,8.9,6.9,6.4,9.5,1.5,4.9,2.3,5.4,0,0,0,0.3,0.6,1.4,2.3,6.6,0.6,0.6,0.7,0.4,0.6,0.5,0,183.3,15.9,20.4,47.9,31.6,27,25.9,16.3,7.1,7.1,96.3,85,73.9,2.7,38.7,21.1,6.4,0,0.1,0.1,1,2,3.7,3.6,5.3,8,7.9,5.7,0.7,4.7,4.6,0
06/20/2020,6.8,0.5,3.9,8.8,6.9,8.3,8.1,5.7,4.8,8.4,6.9,6.5,9.9,1.6,4.8,2.4,4.9,0,0,0.1,0.3,0.6,1.2,1.9,6.4,0.5,0.6,0.8,0.3,0.5,0.4,0,183.7,14.7,21.1,48.7,31.3,28,25.4,15,7.4,6.7,96,85.7,77.1,2.9,37.7,21.3,5.9,0,0.1,0.3,1,1.9,3.3,3,5.1,6.9,7.9,6.4,0.6,4,3.6,0
06/21/2020,6.6,0.5,3.8,8.6,6.6,7.6,7.8,5.5,4.9,7.9,6.8,6.2,9.7,1.6,4.6,2.4,4.5,0,0,0.1,0.3,0.6,1.2,2,6.1,0.5,0.6,0.8,0.3,0.5,0.4,0,177.3,14.6,20.9,47.7,30.3,25.7,24.4,14.4,7.6,6.3,93.7,81.6,75.3,2.9,35.7,21.4,5.4,0,0.1,0.4,0.9,1.9,3.3,3.1,4.9,6.9,7.7,6.3,0.6,4,3.6,0
06/22/2020,6.5,0.5,3.5,8.7,6.4,7.8,7.7,5.2,5.4,8,6.6,6.2,9.7,1.4,4.4,2.5,4.1,0,0.1,0.1,0.2,0.6,1.3,1.7,4.5,0.5,0.5,0.8,0.2,0.5,0.3,0,175.1,13,19,48.1,29.3,26.1,24,13.7,8.4,6.4,91.3,82,75.1,2.6,34.9,22.4,4.9,0,0.3,0.4,0.7,2,3.4,2.6,3.6,6.3,6.7,6.6,0.3,3.6,2.6,0
06/23/2020,6.6,0.5,3.3,9,6.6,8,7.4,4.9,6.7,8,6.6,6.5,10,1.6,4.3,2.9,3.9,0,0,0.1,0.1,0.5,1.4,1.7,4.6,0.4,0.5,0.7,0.2,0.5,0.3,0,178.1,12.6,18.1,49.9,30.1,26.9,23.3,13,10.4,6.4,91.1,85.3,78,2.9,33.4,26.1,4.7,0,0.1,0.4,0.4,1.6,3.7,2.6,3.7,6,6.6,5.7,0.3,4,2.6,0
06/24/2020,6.7,0.4,3.4,9.5,7.3,7.9,7.6,4.3,6.2,7.1,6.9,6.4,9.7,1.7,4.4,3,4.2,0,0,0.1,0.1,0.5,1.2,1.3,3.9,0.4,0.4,0.7,0.2,0.4,0.2,0,181.6,10.9,18.7,52.6,33.4,26.4,23.9,11.3,9.6,5.7,95.7,84.1,75.6,3.1,34.4,27.3,5,0,0.1,0.4,0.3,1.6,3.3,2,3.1,5.1,5.7,5.3,0.3,3.3,2,0
06/26/2020,7,0.4,3.1,10,8.6,8.2,7.3,4.9,6.8,6.4,7.3,6.7,9.5,1.9,4.8,3.5,4.5,0,0,0.1,0.2,0.4,0.9,1.3,3.9,0.4,0.4,0.7,0.1,0.3,0.2,0,190.6,10.1,16.9,55.1,39.4,27.6,22.9,13,10.6,5.1,101.3,88.7,73.4,3.4,37.3,31.4,5.4,0,0.1,0.6,0.7,1.1,2.4,2,3.1,4.9,5.3,5.1,0.1,2.7,2.1,0
06/27/2020,7.1,0.3,2.9,10.2,8.8,8.3,7,5.2,6.6,6.4,7.3,6.8,9,2,5.1,3.5,4.8,0,0,0.1,0.2,0.3,0.9,1.4,3.6,0.4,0.3,0.5,0.1,0.4,0.2,0,191.4,9.4,15.9,56.4,40,28,22,13.7,10.3,5.1,101.3,89.4,69.9,3.6,39.9,31.9,5.7,0,0.1,0.4,0.7,0.9,2.3,2.1,2.9,5,4.4,4.1,0.1,3,2.1,0
06/28/2020,7.4,0.3,3,10.7,9.1,9,7.2,5.6,6.7,6.6,7.7,7.1,9.3,2,5.3,3.8,5.3,0,0,0.1,0.3,0.2,0.8,1.1,3.4,0.3,0.3,0.5,0.1,0.4,0.2,0,200.6,8.6,16.4,59.3,41.6,30.4,22.4,14.7,10.4,5.3,106.4,93.4,72.3,3.6,41.4,34.6,6.3,0,0.1,0.3,0.9,0.7,2.1,1.7,2.7,4.7,3.9,3.9,0.1,2.9,1.7,0
06/29/2020,7.7,0.3,3,11.5,9.8,9,7.8,5.4,6.2,8,7.9,7.5,9.4,1.9,5.6,4.2,5.7,0,0,0.1,0.3,0.1,0.8,1.2,3.6,0.3,0.3,0.4,0.1,0.4,0.2,0,209.1,8.3,16.3,63.4,44.6,30.3,24.3,14.3,9.6,6.4,109.7,98.4,72.7,3.4,44,38,6.9,0,0,0.3,0.9,0.4,2,1.9,2.9,4.6,3.7,3.3,0.1,3,1.9,0
07/18/2020,9.4,0.1,5.1,13.5,11.2,10.9,9.3,7,6.3,7.3,9.9,8.7,11.9,2.2,8.5,5,7.5,0,0,0,0,0.3,0.3,0.4,1.6,0.1,0.2,0.1,0.1,0.2,0.1,0,253.7,3.7,27.9,74.9,51.3,36.6,29.1,18.3,9.9,5.9,137.3,115.3,92.3,4,66.4,44.7,9,0,0.1,0,0,0.9,0.9,0.6,1.3,1.7,2,1.1,0.1,1.3,1,0
06/30/2020,7.9,0.3,3.3,12,10.3,9.1,7.6,5.4,5.1,7.5,8.1,7.6,9.6,1.6,5.8,4.2,5.6,0,0,0.1,0.3,0.1,0.7,1.2,3,0.3,0.2,0.4,0.1,0.3,0.2,0,213.9,7.6,18.1,66.3,46.9,30.6,23.9,14.3,7.9,6,112.4,100.4,74.4,2.9,45.6,38.1,6.7,0,0,0.3,0.9,0.4,1.7,1.9,2.4,4.4,3.1,3,0.1,2.6,1.9,0
07/01/2020,8,0.3,3.1,12.5,10.1,9.2,7.3,6.2,4.9,7.9,8.2,7.7,9.8,1.3,6,4.5,5.1,0,0,0.1,0.4,0.1,0.5,1.3,3.6,0.3,0.3,0.4,0,0.4,0.3,0,216.4,8.1,17.3,69.1,46.1,30.9,22.9,16.3,7.6,6.3,114,101.4,76,2.3,47.4,40.4,6.1,0,0,0.3,1.3,0.3,1.4,2,2.9,4.4,3.7,3,0,2.9,2.3,0
07/19/2020,9.4,0.1,5.3,13.4,11.5,10.5,9.4,7,6.3,7.1,9.9,8.8,11.9,2.1,8.6,5,7.4,0,0,0,0,0.3,0.3,0.4,1.3,0.1,0.1,0.2,0.1,0.2,0.1,0,254.3,3.4,29,74.1,52.6,35.3,29.4,18.4,9.7,5.7,137.3,115.7,92.4,3.7,67.3,45,8.9,0,0.1,0,0.1,0.9,0.7,0.6,1,1.6,1.9,1.3,0.1,1.3,0.6,0
07/20/2020,9.7,0.1,5.7,13.2,12.2,10.9,9.9,7.3,6.9,5.4,10,9.3,12.6,2.2,8.5,5.2,8.5,0,0,0,0.1,0.3,0.3,0.5,1.1,0.1,0.2,0.2,0.1,0.2,0.1,0,262.1,3.7,31.4,73.1,55.7,36.7,31,19.1,10.7,4.3,138.1,122.4,97.6,4,66.6,46.4,10.1,0,0,0.1,0.3,0.9,0.9,0.7,0.9,1.7,2,1.6,0.1,1.3,0.6,0
07/27/2020,10.2,0.1,5.8,14.7,12.8,12.2,9.3,7,6.6,7.7,10.6,9.6,12.9,4.7,8.2,6.3,8.7,0,0,0,0,0.2,0.3,0.6,1.3,0.1,0.2,0.2,0,0.1,0.1,0,276.1,3.6,31.7,81.3,58.3,41,29.1,18.3,10.3,6.1,147.6,126.7,100.4,8.4,64.3,56.4,10.4,0,0,0.1,0.1,0.6,0.9,0.9,1,1.6,2,1.4,0,1.1,1,0
07/02/2020,8,0.3,3.3,12.8,9.4,9.3,7.6,6.2,4.8,8.6,8.4,7.5,9.7,1.4,6.1,4.6,4.7,0,0,0,0.3,0.1,0.5,1.2,3.6,0.3,0.3,0.3,0,0.3,0.3,0,217.3,7.4,17.9,70.7,43,31.1,23.9,16.4,7.4,6.9,117,99.3,75.1,2.6,48.1,41.6,5.6,0,0,0.1,0.9,0.4,1.3,1.9,2.9,4,3.4,2.4,0,2.7,2.3,0
07/06/2020,7.3,0.2,3,11.5,8.9,8.6,6.8,6.2,4.1,6.3,8,6.5,8.1,1.8,5.9,4.2,4.8,0,0,0,0.2,0.2,0.6,0.6,2.3,0.2,0.2,0.3,0,0.3,0.1,0.1,198.6,5.7,16.6,63.4,40.6,29,21.3,16.3,6.4,5,110.4,86.3,63.1,3.3,46.4,37.4,5.7,0,0,0,0.6,0.7,1.6,1,1.9,2.6,3.1,2.4,0,2,1.1,0.1
07/03/2020,7.8,0.2,3.1,12.6,9,9.1,7.3,6.2,4.6,7.9,8.3,7.2,9.2,1.2,6.2,4.5,5.3,0,0,0,0.2,0.1,0.6,0.9,2.9,0.3,0.2,0.3,0,0.3,0.1,0,211,6.3,17.3,69.4,41.1,30.7,22.7,16.3,7.1,6.3,114.9,95.1,71.4,2.1,48.4,40.3,6.3,0,0,0,0.6,0.4,1.6,1.4,2.3,3.6,2.7,2.4,0,2.6,1.3,0
07/04/2020,7.4,0.2,3.1,11.9,8.7,8.7,6.9,6,4.1,7.5,8,6.8,8.6,1.1,5.9,4.3,4.9,0,0,0,0.2,0.1,0.7,0.8,2.9,0.2,0.2,0.4,0,0.3,0.1,0.1,201.3,6.3,16.9,65.7,39.6,29.1,21.7,15.9,6.4,6,110.3,89.9,66.9,2,46.1,39,5.9,0,0,0,0.6,0.4,1.7,1.3,2.3,3.1,3.1,2.9,0,2.1,1.1,0.1
07/05/2020,7.3,0.2,3,11.7,8.6,8.4,7,6,4,7.1,7.8,6.7,8.4,1,5.8,4.2,5,0,0,0,0.2,0.2,0.6,0.8,2.5,0.2,0.3,0.3,0,0.3,0.1,0.1,198,6,16.6,64.6,39.1,28.3,21.9,15.7,6.1,5.7,108.6,88.1,65.4,1.9,45.9,38.1,6,0,0,0,0.6,0.6,1.6,1.3,2,2.6,3.4,2.7,0,2,1.1,0.1
07/08/2020,8,0.2,3.9,12,9.8,9.6,8,6,4.9,4.6,8.5,7.3,7.9,3.1,6.7,4.5,6.8,0,0,0,0,0.1,0.7,0.4,2,0.2,0.2,0.3,0,0.2,0.1,0.1,216.6,4.6,21.1,66.1,44.7,32.3,25.1,15.9,7.6,3.7,118.4,96.3,61.6,5.6,52.9,40.1,8.1,0,0,0,0.1,0.4,1.9,0.6,1.6,2.4,2.1,2.1,0,1.6,0.7,0.1
07/09/2020,8.2,0.2,3.9,12.3,10.3,9.6,8.3,6.1,4.6,4.1,8.5,7.7,8,3,7.2,4.6,7.2,0,0,0,0,0.1,0.8,0.6,1.4,0.2,0.2,0.3,0,0.2,0.1,0.1,221.4,4.7,21.4,68.3,46.9,32.4,26,16,7.1,3.3,117.3,102.1,62.4,5.4,56.4,41.6,8.6,0,0,0,0.1,0.4,2,1,1.1,2.6,2.1,2.1,0,1.6,0.9,0.1
07/10/2020,9.1,0.2,4.4,14.1,11.5,10.7,8.6,6.1,5.4,4.3,9.1,8.9,9.1,3.4,8.2,5.2,7.3,0,0,0,0,0.2,0.7,0.7,1.3,0.2,0.2,0.3,0,0.2,0.1,0.1,245.7,4.9,24.4,78.1,52.3,35.9,27,16.1,8.4,3.4,126,117.6,71,6.1,64.3,46.4,8.7,0,0,0,0.1,0.7,1.9,1.1,1,2.3,2.6,2.4,0,1.3,1,0.1
07/11/2020,9.6,0.2,4.5,15.5,11.8,11,8.9,6.4,6,4.1,9.6,9.4,9.5,3.6,8.7,5.5,8.5,0,0,0,0,0.2,0.6,0.7,0.9,0.2,0.2,0.2,0,0.2,0.1,0,259,4.4,24.6,85.9,54,37.1,28,16.9,9.3,3.3,132.7,124.4,74,6.4,68,49.6,10.1,0,0.1,0,0.1,0.7,1.6,1.1,0.7,2.1,2.3,1.9,0,1.6,1,0
07/12/2020,9.6,0.2,4.5,15.6,11.7,11.3,8.9,6.2,6.4,4.5,9.6,9.5,9.6,3.9,8.8,5.5,8.1,0,0,0,0,0.2,0.7,0.7,1.3,0.2,0.2,0.2,0,0.2,0.1,0,260.3,4.6,24.7,86.4,53.4,37.9,28,16.3,10,3.6,132.9,125.7,74.4,7,69,49.6,9.7,0,0.1,0,0,0.6,1.7,1.1,1,2.4,2.1,1.7,0,1.6,1.3,0
07/13/2020,9.9,0.2,4.9,16.1,11.8,11.4,8.9,6.7,6.1,5.9,10,9.7,10.3,3.5,9.2,5.7,8.3,0,0.1,0,0,0.1,0.6,0.7,1.1,0.1,0.2,0.2,0,0.2,0.1,0,267.6,4.3,26.7,89,53.7,38.4,27.9,17.7,9.4,4.7,138.6,128,79.7,6.3,72.4,51.4,9.9,0,0.3,0,0,0.4,1.6,1.1,0.9,2,2.3,1.7,0,1.4,1.1,0
07/15/2020,9.5,0.2,4.9,15,11.2,10.9,8.6,6.9,6.8,5.9,9.9,9.1,11.1,2.5,9.1,5.4,7.8,0,0.1,0,0,0.3,0.4,0.8,1.3,0.1,0.2,0.2,0,0.3,0.1,0,258.3,4.6,27.1,83,51,36.7,27,18.1,10.6,4.7,136.9,120.4,86.3,4.4,71.3,48.4,9.3,0,0.3,0,0,0.9,1.1,1.3,1,2,2.6,1.4,0,2,1,0
07/16/2020,9.6,0.1,4.9,14.8,11.5,11,8.5,6.9,7.1,6.8,10.1,9,11.3,2.4,8.9,5.4,8.1,0,0.1,0,0,0.2,0.3,0.6,1.4,0.1,0.2,0.1,0.1,0.2,0.1,0,259.6,3.9,27.1,82,52.3,37,26.6,18.1,11,5.4,139.7,118.9,87.4,4.3,70,48.3,9.7,0,0.3,0,0,0.7,0.9,0.9,1.1,1.4,2.4,1,0.1,1.7,0.9,0
07/14/2020,9.8,0.2,5.1,15.5,11.8,11.2,8.5,7,6.7,5.2,10,9.5,11,2.8,8.9,5.6,7.9,0,0.1,0,0,0.2,0.4,0.8,1.1,0.1,0.2,0.2,0,0.2,0.1,0,264.4,4.1,28.1,85.4,53.7,37.6,26.7,18.3,10.4,4.1,138.4,124.9,85.3,5,69.6,50.4,9.4,0,0.3,0,0,0.6,1.1,1.3,0.9,2,2.1,1.6,0,1.3,1.1,0
07/21/2020,9.5,0.1,5.2,13.2,11.8,11.2,9.5,7.2,6.3,6.8,9.5,9.4,11.7,2.2,8.8,5,9.4,0,0,0,0.1,0.2,0.4,0.4,0.9,0.1,0.2,0.2,0.1,0.2,0.1,0,257.1,3.4,28.4,73.1,54,37.7,29.7,19,9.7,5.4,131.9,124,91,4,69,45.1,11.3,0,0,0.1,0.3,0.7,1,0.6,0.7,1.4,2,1.4,0.1,1.3,0.6,0
07/22/2020,10,0.1,5.4,14.3,12.8,12.2,9.3,7.4,6.4,5.9,9.9,10,12.4,2.6,8.7,5.9,9.3,0,0,0,0.1,0.2,0.3,0.4,0.9,0.1,0.1,0.2,0.1,0.1,0.1,0,271.6,3,29.9,79,58.4,41,29,19.6,10,4.7,137.7,131.7,96.1,4.7,68.3,53.3,11.1,0,0,0.1,0.3,0.6,0.7,0.6,0.7,1.1,1.9,1.4,0.1,0.6,0.9,0
07/24/2020,10.2,0.1,5.6,14.6,13.2,12.2,9.6,7.2,6.4,6.4,10.5,9.8,12.4,3.9,8.7,6.3,9.2,0,0,0.1,0.1,0.1,0.3,0.5,0.5,0.1,0.1,0.2,0,0.1,0.1,0,277.1,3,30.9,80.9,60.3,41,30.1,18.9,10,5.1,146.1,129,96.1,7,68.1,56.4,11,0,0,0.3,0.3,0.4,0.9,0.7,0.4,1.1,1.9,1.7,0,0.6,0.7,0
07/25/2020,10.4,0.1,6,14.5,13.5,12.4,9.4,7.1,6.8,6.4,10.7,9.8,12.7,4.4,8.5,6.5,9.7,0,0,0.1,0.1,0.1,0.4,0.5,0.7,0.1,0.2,0.2,0,0.1,0.1,0,280.7,3.6,33.1,80.4,61.6,41.6,29.6,18.7,10.6,5.1,148.9,129.9,98.6,7.9,67,58.1,11.6,0,0,0.3,0.4,0.4,1.1,0.7,0.6,1.4,2.1,1.7,0,1,0.9,0
07/26/2020,10.3,0.2,5.8,14.4,13.5,12.4,9.6,7.3,6.6,6.6,10.7,9.8,12.7,4.4,8.3,6.5,9.7,0,0,0.1,0.1,0.2,0.4,0.6,1.3,0.1,0.2,0.2,0,0.2,0.1,0,279.9,4.1,32,79.9,61.6,41.7,30,19.1,10.3,5.3,148,130,98.6,8,65,58.9,11.6,0,0,0.3,0.3,0.6,1.1,0.9,1,1.7,2.4,1.7,0,1.3,1.1,0
07/23/2020,10.1,0.1,5.6,14.6,12.8,12.2,9.4,7.2,6.6,5.4,10.3,9.8,12.4,3.4,8.7,6.1,9.6,0,0,0,0.1,0.2,0.3,0.5,0.7,0.1,0.1,0.2,0,0.1,0.1,0,274.1,3,30.7,80.9,58.4,41.1,29.6,18.9,10.3,4.3,142.1,129.9,96.1,6.1,68.3,55.1,11.4,0,0,0.1,0.3,0.6,0.7,0.7,0.6,1.3,1.7,1.6,0,0.7,0.7,0
07/29/2020,10.9,0.1,6.5,15,13.8,13.2,10.5,7.1,6.5,8.2,11.5,10,14.9,5.2,8.3,6,9.1,0,0,0,0.1,0.1,0.3,0.6,1.3,0.1,0.2,0.2,0,0.2,0.1,0,294,3.7,35.9,82.7,62.9,44.4,32.7,18.7,10.1,6.6,160,131.6,116,9.3,65.1,54,10.9,0,0,0.1,0.4,0.4,0.9,0.9,1,1.7,2,1.3,0,1.6,0.9,0
07/30/2020,11,0.1,6.9,14.4,14.2,13.5,11.1,7.6,6.1,7.7,11.4,10.4,16.1,5,8.2,5.8,8.4,0,0,0,0.1,0.1,0.3,0.5,1.4,0.1,0.2,0.2,0,0.2,0.1,0,297.9,3.7,38.1,79.4,64.7,45.3,34.9,19.9,9.4,6.1,158.3,137.1,124.9,9,64.1,51.9,10,0,0,0.1,0.4,0.4,0.9,0.7,1.1,1.7,2,1.4,0,1.4,0.9,0
07/31/2020,11.3,0.1,7.2,14.6,14.3,14.2,11.3,8.1,5.8,7,11.6,10.8,17.2,4.4,8.2,5.9,8.5,0,0,0,0.1,0.1,0.3,0.5,1.6,0.1,0.1,0.1,0,0.2,0.1,0,304.7,3.6,39.6,81,65.3,47.7,35.3,21.3,9,5.6,160.1,142,133.3,8,64.4,53.1,10.1,0,0,0,0.4,0.4,0.7,0.7,1.3,1.9,1.7,1.1,0,1.6,0.9,0
08/01/2020,11.2,0.1,6.6,14.9,14.1,13.9,11.6,8.3,5.5,7,11.4,10.7,17,3.9,8.2,5.9,8.1,0,0,0,0.1,0.1,0.1,0.6,1.6,0.1,0.1,0.1,0,0.2,0.1,0,302.1,3.1,36.4,82.4,64.3,46.7,36.4,21.7,8.6,5.6,158.4,141.1,131.9,7,64.1,53.1,9.7,0,0,0,0.3,0.4,0.3,0.9,1.3,1.7,1.4,1.1,0,1.4,0.6,0
08/02/2020,11.2,0.1,6.7,14.8,14.2,13.8,11.2,8.5,5.7,6.8,11.4,10.7,17,3.8,8.3,5.9,8.5,0,0,0,0.2,0.1,0.1,0.6,1.1,0.1,0.1,0.1,0,0.1,0,0,302,2.7,37,81.9,65,46.6,35,22.3,8.9,5.4,158,141.3,131.7,6.9,65.4,52.7,10.1,0,0,0,0.6,0.3,0.1,0.9,0.9,1.3,1.4,1.1,0,1.1,0.4,0
08/03/2020,11.5,0.1,6.8,15.3,14.9,14.5,11.5,8.1,5.7,6.3,11.6,11.1,17.7,3.7,8.1,6.1,9.4,0,0,0,0.2,0.1,0.1,0.6,1.3,0.1,0.1,0.1,0,0.2,0.1,0,310,3,37.6,84.6,67.9,48.9,35.9,21.4,8.9,5,161.3,146.3,137.6,6.6,63.6,54.9,11.3,0,0,0,0.6,0.3,0.3,0.9,1,1.4,1.6,1.1,0,1.3,0.6,0
08/04/2020,11.6,0.1,7.1,15.8,14.6,14,11.7,8.8,6.4,5.7,11.8,11.3,18,3.6,8,6.3,10,0,0,0,0.1,0.1,0.2,0.5,1.3,0.1,0.1,0.1,0,0.2,0,0,314.4,2.9,39,87.3,66.7,47.1,36.6,23.1,10,4.6,163.1,148.9,139.9,6.4,62.9,57,12,0,0,0,0.4,0.3,0.4,0.7,1,1.4,1.4,1.1,0,1.3,0.4,0
08/05/2020,11.3,0.1,6.8,15.4,14.2,13.5,10.9,9,6.6,5.4,11.3,11.1,17.8,3.3,7.7,6.1,9,0,0,0,0.1,0.1,0.2,0.6,1.1,0.1,0.1,0.2,0,0.1,0,0,304.9,3,37.1,85.1,64.9,45.3,34.1,23.7,10.3,4.3,156.7,146.4,138.6,5.9,60.7,54.7,10.7,0,0,0,0.4,0.3,0.6,0.9,0.9,1.1,1.9,1.4,0,1.1,0.4,0
08/08/2020,11.6,0.1,7.3,16.4,14,13.8,10,9.2,7.2,7.1,11.5,11.6,17.7,3.7,7.9,6.6,10.5,0,0,0,0.2,0,0.4,0.5,0.7,0.1,0.2,0.2,0.1,0.1,0,0,314,3,40.3,90.9,64,46.4,31.3,24.3,11.1,5.7,159.3,153,137.9,6.6,61.7,59.7,12.6,0,0,0,0.6,0.1,1,0.7,0.6,1,2,1.3,0.1,1.1,0.4,0
08/09/2020,11.7,0.1,7.5,17,13.8,13.9,10,9.1,7.2,7.7,11.6,11.7,18,3.8,7.7,6.8,10,0,0,0,0.1,0,0.4,0.6,0.7,0.1,0.1,0.2,0.1,0.1,0,0,317,2.9,41,94,62.9,46.7,31.3,23.9,11.1,6.1,160.6,154.9,140,6.9,60.3,61.6,12,0,0,0,0.3,0.1,1,0.9,0.6,1,1.9,1.3,0.1,1,0.4,0
08/10/2020,11.5,0.1,7.1,16.7,13.2,13.8,10.1,9.1,7.5,7.3,11.3,11.6,17.5,3.7,7.5,6.9,9.6,0,0,0,0.1,0,0.3,0.6,0.7,0.1,0.1,0.2,0.1,0.1,0,0,311,2.7,39,92.1,60.3,46.4,31.7,23.9,11.7,5.9,156.3,153.3,135.6,6.6,59.1,61.7,11.4,0,0,0,0.3,0.1,0.9,0.9,0.6,0.9,1.9,1.3,0.1,0.9,0.4,0
08/11/2020,11.6,0.1,7.1,16.6,13.4,14.3,10.6,9.4,6.6,7.1,11.1,12,17.3,3.2,7.6,7.1,9.7,0,0,0,0.1,0.1,0.3,0.6,0.9,0.1,0.2,0.2,0.2,0.1,0,0,313.4,3,38.9,91.7,61,48,33.1,24.7,10.3,5.7,153.7,158.4,134.1,5.7,59.9,64.1,11.6,0,0,0,0.3,0.3,0.7,1,0.7,0.9,2.1,1.4,0.3,0.9,0.4,0
08/12/2020,11.9,0.1,7.3,16.7,13.7,15,11.5,9.2,6.2,7.5,11.5,12.2,17.4,3,7.6,7.4,10.6,0,0,0,0,0.1,0.2,0.6,1.1,0.1,0.1,0.1,0.2,0.1,0,0,321.4,2.7,40,92.1,62.7,50.6,36.1,24.3,9.6,6,159.3,160.7,135.1,5.4,59.6,66.9,12.7,0,0,0,0.1,0.3,0.6,0.9,0.9,1,1.7,1.1,0.3,0.9,0.4,0
08/13/2020,12.1,0.1,7.3,16.8,14,16,12,9.3,6.2,7.3,11.9,12.3,18.2,3.1,7.5,7.6,10.8,0,0,0,0,0.1,0.1,0.7,0.9,0.1,0.2,0.2,0.1,0.1,0,0,327.9,2.7,40.1,92.7,63.7,53.7,37.6,24.6,9.6,5.9,164.3,161.9,141.3,5.6,58.4,68.4,12.9,0,0,0,0.1,0.4,0.3,1.1,0.7,0.7,2,1.3,0.1,0.9,0.4,0
08/14/2020,11.8,0.1,7.1,16.2,13.4,16.2,11.6,8.9,5.9,6.8,11.6,11.7,17.3,2.8,7.4,7.5,10.3,0,0,0,0,0.1,0.1,0.8,0.9,0.1,0.2,0.2,0.1,0.1,0,0,318,2.9,38.7,89.4,61.1,54.4,36.4,23.3,9.1,5.4,161.3,154.3,134.6,5,58.3,67.4,12.3,0,0,0,0.1,0.4,0.3,1.3,0.7,0.7,2.1,1.3,0.1,1,0.4,0
08/15/2020,12,0.1,6.9,16.4,13.8,16,12.4,9.2,6.6,6.3,11.7,12.1,17.5,2.9,7.7,7.9,10,0,0,0,0,0.1,0.1,0.9,1.3,0.1,0.2,0.1,0.1,0.2,0.1,0,324.4,3.1,38.1,90.7,63.1,54,38.9,24.3,10.3,5,162.9,159.1,136,5.1,60,71,12,0,0,0,0.1,0.3,0.3,1.4,1,1.1,2,1,0.1,1.3,0.7,0
08/18/2020,12.7,0.1,7.6,17.9,14.6,15.8,13.3,8.8,8.4,6.8,12.5,12.6,19.2,3.3,7.7,8.3,10.4,0,0,0,0,0.1,0.1,0.7,1.1,0.1,0.1,0.1,0,0.2,0.1,0,344,3,41.7,99.1,66.6,53.1,41.7,23.1,13,5.4,173.9,166.7,149,6,60.6,74.3,12.4,0,0,0.1,0.1,0.4,0.3,1.1,0.9,1.3,1.7,0.6,0,1.6,0.9,0
08/19/2020,12.9,0.1,7.7,18.6,14.3,15.2,14.1,9.3,8.7,7,12.8,12.8,19.7,3.6,7.7,8.3,10.9,0,0,0,0.1,0.1,0.2,0.8,1.1,0.1,0.1,0.1,0,0.2,0.1,0,349.3,3.4,42.3,102.9,65.1,51,44.1,24.6,13.6,5.6,177.6,168.6,153,6.4,60.1,74.4,13,0,0,0.1,0.3,0.4,0.4,1.3,0.9,1.6,1.9,0.7,0,1.6,1.1,0
08/20/2020,13,0.1,7.9,18.6,14.2,14.6,15,9.8,8.6,6.3,12.9,12.8,19.5,3.5,7.7,8.2,11,0,0,0,0.1,0.1,0.3,0.6,1.1,0.1,0.1,0.1,0,0.2,0.1,0,350.7,3.3,43.3,102.6,64.7,49,46.9,25.7,13.4,5,179,168.4,151.4,6.3,60.1,73.7,13.1,0,0,0.1,0.4,0.3,0.7,0.9,0.9,1.7,1.6,0.7,0,1.4,1.1,0
08/21/2020,13.3,0.1,8,19.8,14.7,13.9,15.6,9.9,8.7,5.5,13.4,13,21,4.3,7.5,8,11.2,0,0,0,0.2,0.1,0.3,0.6,1.1,0.1,0.1,0.1,0,0.1,0.1,0,360.6,3.6,43.7,109.6,67.3,46.9,48.9,26.1,13.6,4.4,186.4,171.3,163.3,7.7,58.4,72,13.4,0,0,0.1,0.6,0.4,0.7,0.9,0.9,2,1.6,1.1,0,1.1,1.3,0
08/22/2020,13.1,0.1,8,19.5,14.4,13.9,15.2,9.7,8.7,5.5,13.3,12.7,20.8,4.1,7,7.8,12,0,0,0,0.1,0.1,0.3,0.4,0.7,0.1,0.1,0.2,0,0.1,0.1,0,355.1,3,43.7,108,65.7,46.7,47.4,25.4,13.6,4.4,184.6,167.7,161.9,7.3,55.1,70.4,14.3,0,0,0.1,0.4,0.4,0.9,0.6,0.6,1.6,1.4,1.3,0,0.7,1,0
08/28/2020,12.4,0.1,8.2,17.7,13.7,15.1,12.7,8.7,7.6,7.5,12.5,12.2,20.2,2.9,6.1,7.6,12.2,0,0,0,0,0,0.2,0.5,1.1,0.1,0.1,0.1,0.1,0.1,0.1,0,336.3,2.4,44.9,97.7,62.4,50.7,39.7,22.9,11.9,6,172.6,161.1,156.6,5.3,47.6,68.4,14.6,0,0.1,0.1,0,0.1,0.4,0.7,0.9,0.9,1.6,0.6,0.1,1.1,0.6,0
08/27/2020,12.6,0.1,8,18.3,14.4,14.9,13,8.6,7.3,7.1,13,12,21.1,3.6,5.9,7.6,12.3,0,0,0,0,0,0.2,0.4,1.3,0.1,0.1,0.1,0.1,0.1,0.1,0,341.4,2.6,44,101.4,65.6,50,40.6,22.7,11.3,5.7,180,158.6,164.1,6.4,46,68,14.7,0,0.1,0,0.1,0.1,0.6,0.6,1,0.7,1.9,0.9,0.1,0.9,0.7,0
08/29/2020,12.6,0.1,8.3,18.1,13.8,15.6,12.6,8.9,7.7,7.1,12.8,12.3,20.7,3.1,6,7.7,11.5,0,0,0,0,0.1,0.2,0.6,1.3,0.1,0.1,0.1,0.2,0.1,0.1,0,342.1,2.9,45.7,100,63.1,52.4,39.6,23.4,12,5.7,176.9,163,161.1,5.6,47.1,69.7,13.7,0,0.1,0.1,0,0.3,0.4,0.9,1,1.1,1.7,0.6,0.3,1.1,0.9,0
08/30/2020,12.6,0.1,8.4,17.8,13.9,15.5,12.6,8.7,7.4,7.7,12.7,12.3,20.5,3.1,6,7.7,11.4,0,0,0,0,0.1,0.2,0.8,1.4,0.1,0.1,0.1,0.2,0.2,0.1,0,340.3,3.3,46,98.4,63.6,52,39.6,23,11.4,6.1,175.4,162.4,159.6,5.6,47,69.4,13.6,0,0,0.1,0,0.3,0.4,1.3,1.1,1.4,1.9,0.7,0.3,1.4,0.9,0
08/31/2020,11.9,0.1,7.6,17.6,12.8,14.1,12,8.7,7.1,8.2,12.1,11.7,18.6,2.8,6,7.5,11,0,0,0,0,0.1,0.2,0.6,1.4,0.1,0.1,0.1,0.2,0.2,0.1,0,323.1,3.1,41.9,97.6,58.3,47.3,37.6,22.9,11,6.6,167.1,154.4,144.1,5,47,67.1,13.1,0,0,0.1,0,0.4,0.4,1,1.1,1.4,1.7,0.6,0.4,1.4,0.7,0
09/08/2020,10,0.1,5.6,14.5,11.9,11.7,10,7.6,5.7,6.1,10.1,9.8,14.8,2.5,5.3,6.4,5.7,0,0,0.1,0,0.1,0.1,0.4,0.9,0,0.1,0.1,0,0.1,0,0,269.6,2.3,30.9,80,54.1,39.4,31.4,20,8.9,4.9,139.4,129.6,114.7,4.4,41.7,57.4,6.9,0,0,0.3,0,0.4,0.3,0.6,0.7,0.6,1.7,1.1,0,0.7,0.4,0
09/18/2020,11.2,0.1,7,15.6,14.3,12.4,11.3,8.7,5.6,5.9,11.2,11.1,15.5,3.9,5.2,7.9,7.1,0,0,0,0,0,0.2,0.4,1.1,0.1,0.1,0.1,0,0.1,0.1,0,303.3,2,38.4,86.3,65.3,41.7,35.3,22.9,8.7,4.7,154.9,146.9,120.7,7,40.6,71.1,8.4,0,0,0,0,0.1,0.4,0.6,0.9,1.1,0.9,0.7,0,0.7,0.6,0
09/10/2020,9.9,0.1,5.3,15.2,12,11,9.5,8.4,4.9,5.7,10.1,9.7,15.3,2.9,5,6.5,4.8,0,0,0.1,0,0.1,0.2,0.6,0.7,0.1,0.1,0.2,0,0.1,0,0,269,2.4,28.9,84.3,54.9,37.1,29.7,22,7.6,4.6,140.4,127.9,118.6,5.3,39.1,58.6,5.7,0,0,0.3,0,0.3,0.4,0.9,0.6,1,1.4,1.4,0,0.6,0.4,0
09/11/2020,9.7,0.1,5.1,15.1,12.1,10.5,9.5,7.7,4.8,4.3,9.8,9.6,14.6,2.4,4.5,6.5,5.4,0,0,0.1,0,0.2,0.2,0.6,0.7,0.1,0.2,0.3,0,0.1,0,0,262.6,2.9,28,83.3,55.1,35.4,29.7,20.1,7.4,3.4,135.6,126.4,113.7,4.3,35,58.4,6.4,0,0,0.4,0,0.6,0.4,0.9,0.6,0.9,2,2,0,0.6,0.3,0
09/12/2020,9.4,0.1,4.8,14.4,11.9,10.1,9.4,7.3,4.7,4.3,9.5,9.1,13.8,2.8,4.4,6.4,5.4,0,0,0.1,0,0.1,0.2,0.5,0.5,0.1,0.1,0.2,0,0,0,0,253.6,2.3,26.3,79.6,54.3,34,29.4,19.3,7.3,3.4,132.3,120.4,107.1,5,34.7,57.6,6.4,0,0,0.3,0,0.4,0.4,0.7,0.4,0.7,1.6,1.7,0,0.3,0.3,0
09/17/2020,11.2,0.1,7.3,15.6,14.7,12.3,11,7.9,6.2,4.6,11.3,11,15.8,3.3,5.1,8,6.8,0,0,0,0,0.1,0.2,0.4,0.9,0.1,0.1,0.2,0,0.1,0,0,303.1,2.3,40.1,86,67.1,41.4,34.3,20.9,9.6,3.7,156.6,145.1,122.6,6,39.9,72.1,8.1,0,0,0.1,0,0.4,0.4,0.6,0.7,1,1.3,1.3,0,0.7,0.3,0
09/19/2020,11.4,0.1,7,16,14.5,12.4,11.5,9,5.3,6.4,11.3,11.3,15.9,3.5,5.1,7.9,7.8,0,0,0,0,0,0.2,0.4,1.4,0.1,0.1,0.1,0,0.1,0.1,0,307.7,2.3,38.3,88.6,66.3,41.6,36,23.6,8.3,5.1,157.3,148.9,123.9,6.3,40,71.3,9.3,0,0,0,0,0.1,0.4,0.6,1.1,1.3,1,0.7,0,0.9,0.7,0
09/21/2020,11.2,0.1,6.7,16.2,14,11.8,10.8,9.1,6.6,6.6,11.1,11.2,16,3.1,4.7,7.3,8.5,0,0,0,0,0,0.3,0.4,1.4,0.1,0.1,0.1,0,0.1,0.1,0,303.3,2.6,36.6,89.7,64,39.6,33.9,24,10.3,5.3,154.1,147.3,124.1,5.6,36.6,65.3,10.1,0,0,0,0,0,0.9,0.6,1.1,1.4,1.1,0.6,0,0.7,1.3,0
